order_id,order_date,region,product,category,quantity,unit_price,revenue,cost,profit
1123,2025-01-01,West,Notebook Set,Stationery,7,8.99,62.93,36.12,26.81
1149,2025-01-01,North,USB-C Hub,Electronics,1,24.99,24.99,16.97,8.02
1246,2025-01-01,North,Wireless Mouse,Electronics,1,15.99,15.99,10.09,5.9
1665,2025-01-01,West,Desk Lamp,Furniture,8,34.99,279.92,182.52,97.4
1652,2025-01-02,North,USB-C Hub,Electronics,3,24.99,74.97,50.73,24.24
1097,2025-01-03,South,Mechanical Keyboard,Electronics,2,59.99,119.98,69.44,50.54
1641,2025-01-03,Central,Desk Lamp,Furniture,4,34.99,139.96,81.5,58.46
1953,2025-01-03,North,USB-C Hub,Electronics,4,24.99,99.96,55.06,44.9
1342,2025-01-04,North,Wireless Mouse,Electronics,8,15.99,127.92,85.93,41.99
1463,2025-01-04,West,Monitor Stand,Furniture,8,29.99,239.92,150.22,89.7
1862,2025-01-04,North,Mechanical Keyboard,Electronics,2,59.99,119.98,82.38,37.6
1558,2025-01-05,Central,Water Bottle,Accessories,3,14.99,44.97,32.86,12.11
1627,2025-01-05,East,Webcam HD,Electronics,6,45.99,275.94,160.08,115.86
1645,2025-01-05,Central,USB-C Hub,Electronics,3,24.99,74.97,48.77,26.2
1706,2025-01-05,North,Webcam HD,Electronics,6,45.99,275.94,153.72,122.22
1939,2025-01-05,East,Desk Lamp,Furniture,3,34.99,104.97,67.51,37.46
1244,2025-01-06,East,Wireless Mouse,Electronics,6,15.99,95.94,64.18,31.76
1467,2025-01-06,North,Wireless Mouse,Electronics,8,15.99,127.92,78.03,49.89
1293,2025-01-07,Central,Fountain Pen,Stationery,7,12.49,87.43,60.21,27.22
1308,2025-01-07,South,Mechanical Keyboard,Electronics,7,59.99,419.93,283.75,136.18
1396,2025-01-07,West,Desk Lamp,Furniture,4,34.99,139.96,99.34,40.62
1838,2025-01-07,North,Mechanical Keyboard,Electronics,7,59.99,419.93,233.28,186.65
1242,2025-01-08,West,Office Chair,Furniture,8,149.99,1199.92,682.95,516.97
1351,2025-01-08,South,Water Bottle,Accessories,3,14.99,44.97,29.01,15.96
1366,2025-01-08,East,USB-C Hub,Electronics,5,24.99,124.95,83.33,41.62
1481,2025-01-08,North,Water Bottle,Accessories,3,14.99,44.97,29.21,15.76
1587,2025-01-08,South,Wireless Mouse,Electronics,3,15.99,47.97,31.06,16.91
1741,2025-01-08,Central,Mechanical Keyboard,Electronics,8,59.99,479.92,339.94,139.98
1079,2025-01-09,North,Water Bottle,Accessories,5,14.99,74.95,42.48,32.47
1116,2025-01-09,East,Standing Desk,Furniture,8,299.99,2399.92,1797.04,602.88
1915,2025-01-09,East,Backpack,Accessories,2,39.99,79.98,51.18,28.8
1085,2025-01-10,North,Standing Desk,Furniture,1,299.99,299.99,208.98,91.01
1203,2025-01-10,East,Notebook Set,Stationery,7,8.99,62.93,43.77,19.16
1432,2025-01-10,South,Water Bottle,Accessories,7,14.99,104.93,70.24,34.69
1778,2025-01-10,Central,Wireless Mouse,Electronics,2,15.99,31.98,21.15,10.83
1051,2025-01-11,West,Wireless Mouse,Electronics,2,15.99,31.98,20.96,11.02
1584,2025-01-11,North,Desk Lamp,Furniture,5,34.99,174.95,102.71,72.24
1594,2025-01-11,East,Office Chair,Furniture,1,149.99,149.99,101.42,48.57
1637,2025-01-11,West,Standing Desk,Furniture,4,299.99,1199.96,715.51,484.45
1650,2025-01-11,Central,Wireless Mouse,Electronics,6,15.99,95.94,54.01,41.93
1453,2025-01-12,East,USB-C Hub,Electronics,6,24.99,149.94,95.66,54.28
1827,2025-01-12,West,Monitor Stand,Furniture,1,29.99,29.99,16.87,13.12
1501,2025-01-13,West,Notebook Set,Stationery,4,8.99,35.96,24.85,11.11
1263,2025-01-14,North,Mechanical Keyboard,Electronics,3,59.99,179.97,111.4,68.57
1634,2025-01-14,West,Mechanical Keyboard,Electronics,1,59.99,59.99,33.78,26.21
1991,2025-01-15,East,Standing Desk,Furniture,3,299.99,899.97,670.7,229.27
1426,2025-01-16,North,Wireless Mouse,Electronics,4,15.99,63.96,38.52,25.44
1831,2025-01-16,East,Monitor Stand,Furniture,2,29.99,59.98,37.1,22.88
1854,2025-01-16,East,Webcam HD,Electronics,2,45.99,91.98,59.83,32.15
1967,2025-01-16,West,Office Chair,Furniture,4,149.99,599.96,391.51,208.45
1625,2025-01-17,South,Water Bottle,Accessories,8,14.99,119.92,79.37,40.55
1648,2025-01-17,North,Backpack,Accessories,1,39.99,39.99,22.3,17.69
1749,2025-01-17,West,Mechanical Keyboard,Electronics,3,59.99,179.97,125.39,54.58
1237,2025-01-18,North,Office Chair,Furniture,7,149.99,1049.93,665.17,384.76
1597,2025-01-18,Central,Webcam HD,Electronics,2,45.99,91.98,66.64,25.34
1663,2025-01-18,North,Monitor Stand,Furniture,6,29.99,179.94,123.61,56.33
1733,2025-01-18,East,Wireless Mouse,Electronics,2,15.99,31.98,20.23,11.75
1808,2025-01-18,Central,Monitor Stand,Furniture,7,29.99,209.93,152.35,57.58
1191,2025-01-19,North,Mechanical Keyboard,Electronics,4,59.99,239.96,172.32,67.64
1229,2025-01-19,North,Office Chair,Furniture,3,149.99,449.97,304.77,145.2
1346,2025-01-19,West,Fountain Pen,Stationery,1,12.49,12.49,7.79,4.7
1441,2025-01-19,North,Backpack,Accessories,2,39.99,79.98,52.31,27.67
1916,2025-01-19,South,Standing Desk,Furniture,3,299.99,899.97,646.05,253.92
1525,2025-01-20,North,Notebook Set,Stationery,6,8.99,53.94,37.75,16.19
1470,2025-01-21,West,Backpack,Accessories,8,39.99,319.92,236.61,83.31
1521,2025-01-21,South,Webcam HD,Electronics,3,45.99,137.97,91.46,46.51
1104,2025-01-22,East,USB-C Hub,Electronics,2,24.99,49.98,31.25,18.73
1479,2025-01-22,South,Monitor Stand,Furniture,1,29.99,29.99,18.33,11.66
1797,2025-01-22,West,Webcam HD,Electronics,5,45.99,229.95,142.74,87.21
1082,2025-01-23,West,Webcam HD,Electronics,2,45.99,91.98,68.42,23.56
1210,2025-01-23,South,Desk Lamp,Furniture,7,34.99,244.93,138.94,105.99
1490,2025-01-23,North,Desk Lamp,Furniture,4,34.99,139.96,83.96,56.0
1491,2025-01-23,Central,USB-C Hub,Electronics,3,24.99,74.97,45.95,29.02
1539,2025-01-23,Central,Wireless Mouse,Electronics,5,15.99,79.95,47.12,32.83
1656,2025-01-23,East,Office Chair,Furniture,7,149.99,1049.93,743.25,306.68
1830,2025-01-23,North,Monitor Stand,Furniture,6,29.99,179.94,114.12,65.82
1239,2025-01-24,North,Wireless Mouse,Electronics,6,15.99,95.94,58.6,37.34
1391,2025-01-25,West,Standing Desk,Furniture,8,299.99,2399.92,1346.72,1053.2
1729,2025-01-26,South,USB-C Hub,Electronics,8,24.99,199.92,129.19,70.73
1973,2025-01-26,East,Notebook Set,Stationery,3,8.99,26.97,15.78,11.19
1202,2025-01-27,West,Standing Desk,Furniture,6,299.99,1799.94,1139.03,660.91
1417,2025-01-29,West,Webcam HD,Electronics,6,45.99,275.94,167.32,108.62
1821,2025-01-29,Central,Notebook Set,Stationery,6,8.99,53.94,36.76,17.18
1993,2025-01-29,Central,Wireless Mouse,Electronics,6,15.99,95.94,52.97,42.97
1078,2025-01-30,North,Monitor Stand,Furniture,2,29.99,59.98,36.22,23.76
1401,2025-01-30,West,USB-C Hub,Electronics,3,24.99,74.97,47.82,27.15
1613,2025-01-30,East,USB-C Hub,Electronics,2,24.99,49.98,28.22,21.76
1892,2025-01-30,South,Fountain Pen,Stationery,2,12.49,24.98,16.58,8.4
1938,2025-01-30,West,Backpack,Accessories,4,39.99,159.96,109.48,50.48
1865,2025-01-31,West,Monitor Stand,Furniture,3,29.99,89.97,64.78,25.19
1055,2025-02-01,South,Monitor Stand,Furniture,8,29.99,239.92,163.74,76.18
1174,2025-02-01,North,Standing Desk,Furniture,2,299.99,599.98,437.81,162.17
1454,2025-02-01,South,Webcam HD,Electronics,8,45.99,367.92,228.41,139.51
1486,2025-02-01,North,Water Bottle,Accessories,6,14.99,89.94,52.06,37.88
1970,2025-02-01,East,Office Chair,Furniture,6,149.99,899.94,643.82,256.12
1008,2025-02-02,North,Backpack,Accessories,4,39.99,159.96,103.86,56.1
1062,2025-02-02,South,Desk Lamp,Furniture,4,34.99,139.96,96.37,43.59
1199,2025-02-02,North,Fountain Pen,Stationery,7,12.49,87.43,59.7,27.73
1819,2025-02-02,South,Water Bottle,Accessories,2,14.99,29.98,20.0,9.98
1847,2025-02-02,North,Monitor Stand,Furniture,4,29.99,119.96,66.1,53.86
1125,2025-02-03,South,Fountain Pen,Stationery,2,12.49,24.98,15.54,9.44
1182,2025-02-03,North,Water Bottle,Accessories,6,14.99,89.94,52.36,37.58
1209,2025-02-04,South,Mechanical Keyboard,Electronics,4,59.99,239.96,146.45,93.51
1609,2025-02-04,South,Desk Lamp,Furniture,3,34.99,104.97,63.53,41.44
1805,2025-02-04,North,Webcam HD,Electronics,4,45.99,183.96,122.44,61.52
1977,2025-02-04,West,Standing Desk,Furniture,4,299.99,1199.96,767.88,432.08
1032,2025-02-06,East,Office Chair,Furniture,3,149.99,449.97,304.58,145.39
1321,2025-02-06,South,Water Bottle,Accessories,2,14.99,29.98,19.96,10.02
1710,2025-02-06,East,Backpack,Accessories,1,39.99,39.99,29.37,10.62
1904,2025-02-06,North,Webcam HD,Electronics,4,45.99,183.96,121.89,62.07
1883,2025-02-07,North,Notebook Set,Stationery,2,8.99,17.98,12.49,5.49
1976,2025-02-08,West,Mechanical Keyboard,Electronics,7,59.99,419.93,267.69,152.24
1654,2025-02-09,Central,Notebook Set,Stationery,4,8.99,35.96,25.04,10.92
1414,2025-02-10,Central,Mechanical Keyboard,Electronics,8,59.99,479.92,337.03,142.89
1546,2025-02-10,West,USB-C Hub,Electronics,1,24.99,24.99,17.62,7.37
1872,2025-02-10,North,Webcam HD,Electronics,1,45.99,45.99,32.89,13.1
1380,2025-02-11,South,USB-C Hub,Electronics,1,24.99,24.99,15.47,9.52
1096,2025-02-12,South,Desk Lamp,Furniture,4,34.99,139.96,83.93,56.03
1833,2025-02-12,West,Notebook Set,Stationery,8,8.99,71.92,52.46,19.46
1907,2025-02-12,South,Desk Lamp,Furniture,8,34.99,279.92,197.91,82.01
1048,2025-02-13,North,Monitor Stand,Furniture,3,29.99,89.97,49.98,39.99
1357,2025-02-13,East,Standing Desk,Furniture,8,299.99,2399.92,1541.03,858.89
1371,2025-02-13,East,Webcam HD,Electronics,7,45.99,321.93,189.97,131.96
1526,2025-02-14,West,Fountain Pen,Stationery,7,12.49,87.43,65.54,21.89
1577,2025-02-14,Central,Backpack,Accessories,4,39.99,159.96,105.99,53.97
1839,2025-02-14,West,Desk Lamp,Furniture,4,34.99,139.96,101.86,38.1
1859,2025-02-14,East,Webcam HD,Electronics,2,45.99,91.98,52.2,39.78
1676,2025-02-15,South,Standing Desk,Furniture,8,299.99,2399.92,1653.55,746.37
1890,2025-02-15,West,USB-C Hub,Electronics,5,24.99,124.95,85.25,39.7
1003,2025-02-16,South,Webcam HD,Electronics,2,45.99,91.98,68.02,23.96
1118,2025-02-16,West,USB-C Hub,Electronics,5,24.99,124.95,92.53,32.42
1205,2025-02-16,East,Fountain Pen,Stationery,6,12.49,74.94,48.13,26.81
1545,2025-02-16,South,Water Bottle,Accessories,5,14.99,74.95,51.01,23.94
1647,2025-02-16,South,Fountain Pen,Stationery,7,12.49,87.43,63.51,23.92
1714,2025-02-16,South,Wireless Mouse,Electronics,5,15.99,79.95,55.26,24.69
1987,2025-02-16,Central,Standing Desk,Furniture,7,299.99,2099.93,1353.52,746.41
1072,2025-02-17,South,Monitor Stand,Furniture,6,29.99,179.94,118.91,61.03
1474,2025-02-17,South,USB-C Hub,Electronics,6,24.99,149.94,111.81,38.13
1502,2025-02-17,South,Office Chair,Furniture,3,149.99,449.97,297.43,152.54
1725,2025-02-17,East,Office Chair,Furniture,5,149.99,749.95,502.13,247.82
1754,2025-02-17,West,Water Bottle,Accessories,6,14.99,89.94,59.95,29.99
1428,2025-02-18,North,Monitor Stand,Furniture,5,29.99,149.95,86.16,63.79
1983,2025-02-18,Central,Monitor Stand,Furniture,1,29.99,29.99,16.69,13.3
1408,2025-02-19,South,Fountain Pen,Stationery,3,12.49,37.47,21.04,16.43
1799,2025-02-19,West,Backpack,Accessories,7,39.99,279.93,200.68,79.25
1061,2025-02-20,East,Webcam HD,Electronics,1,45.99,45.99,32.28,13.71
1488,2025-02-20,North,Backpack,Accessories,4,39.99,159.96,102.37,57.59
1728,2025-02-21,South,Wireless Mouse,Electronics,3,15.99,47.97,32.68,15.29
1885,2025-02-21,South,Standing Desk,Furniture,7,299.99,2099.93,1447.6,652.33
1035,2025-02-22,South,Monitor Stand,Furniture,5,29.99,149.95,96.83,53.12
1253,2025-02-23,North,Standing Desk,Furniture,1,299.99,299.99,172.39,127.6
1773,2025-02-23,East,Office Chair,Furniture,5,149.99,749.95,522.95,227.0
1931,2025-02-23,Central,Wireless Mouse,Electronics,2,15.99,31.98,19.44,12.54
1060,2025-02-24,North,Webcam HD,Electronics,4,45.99,183.96,111.37,72.59
1087,2025-02-24,West,Water Bottle,Accessories,7,14.99,104.93,71.49,33.44
1292,2025-02-24,North,Standing Desk,Furniture,7,299.99,2099.93,1349.8,750.13
1168,2025-02-25,North,Wireless Mouse,Electronics,2,15.99,31.98,19.84,12.14
1423,2025-02-25,East,Monitor Stand,Furniture,1,29.99,29.99,19.68,10.31
1455,2025-02-25,North,Webcam HD,Electronics,3,45.99,137.97,87.38,50.59
1030,2025-02-26,East,Notebook Set,Stationery,2,8.99,17.98,9.89,8.09
1651,2025-02-26,Central,Mechanical Keyboard,Electronics,3,59.99,179.97,117.9,62.07
1764,2025-02-26,South,Desk Lamp,Furniture,5,34.99,174.95,112.23,62.72
1997,2025-02-26,North,Office Chair,Furniture,7,149.99,1049.93,736.27,313.66
1151,2025-02-27,North,Mechanical Keyboard,Electronics,4,59.99,239.96,150.6,89.36
1582,2025-02-27,Central,Wireless Mouse,Electronics,4,15.99,63.96,38.43,25.53
1405,2025-02-28,Central,USB-C Hub,Electronics,1,24.99,24.99,16.9,8.09
1538,2025-02-28,South,Monitor Stand,Furniture,6,29.99,179.94,116.48,63.46
1722,2025-02-28,West,Wireless Mouse,Electronics,2,15.99,31.98,21.79,10.19
1955,2025-02-28,Central,Mechanical Keyboard,Electronics,4,59.99,239.96,139.11,100.85
1362,2025-03-01,Central,Notebook Set,Stationery,3,8.99,26.97,18.23,8.74
1400,2025-03-01,South,Water Bottle,Accessories,6,14.99,89.94,53.45,36.49
1737,2025-03-01,East,USB-C Hub,Electronics,2,24.99,49.98,30.73,19.25
1948,2025-03-01,West,Water Bottle,Accessories,4,14.99,59.96,40.59,19.37
1115,2025-03-02,North,Webcam HD,Electronics,2,45.99,91.98,67.81,24.17
1339,2025-03-02,North,Notebook Set,Stationery,5,8.99,44.95,25.87,19.08
1350,2025-03-02,East,Fountain Pen,Stationery,7,12.49,87.43,55.89,31.54
1536,2025-03-02,South,Webcam HD,Electronics,3,45.99,137.97,94.57,43.4
1901,2025-03-02,East,Desk Lamp,Furniture,3,34.99,104.97,76.83,28.14
1059,2025-03-03,North,Webcam HD,Electronics,8,45.99,367.92,260.07,107.85
1387,2025-03-03,Central,Monitor Stand,Furniture,5,29.99,149.95,92.03,57.92
1744,2025-03-03,West,Mechanical Keyboard,Electronics,4,59.99,239.96,143.2,96.76
1926,2025-03-03,Central,Standing Desk,Furniture,3,299.99,899.97,658.84,241.13
1430,2025-03-04,Central,Fountain Pen,Stationery,4,12.49,49.96,36.08,13.88
1508,2025-03-04,East,Water Bottle,Accessories,5,14.99,74.95,52.25,22.7
1629,2025-03-04,East,Wireless Mouse,Electronics,4,15.99,63.96,42.28,21.68
1874,2025-03-04,North,Desk Lamp,Furniture,1,34.99,34.99,23.79,11.2
1169,2025-03-05,Central,Webcam HD,Electronics,4,45.99,183.96,115.16,68.8
1214,2025-03-05,North,USB-C Hub,Electronics,4,24.99,99.96,55.8,44.16
1843,2025-03-06,South,Office Chair,Furniture,8,149.99,1199.92,842.75,357.17
1834,2025-03-07,East,Mechanical Keyboard,Electronics,5,59.99,299.95,195.44,104.51
1222,2025-03-08,Central,Mechanical Keyboard,Electronics,6,59.99,359.94,253.95,105.99
1894,2025-03-08,South,Notebook Set,Stationery,3,8.99,26.97,15.58,11.39
1119,2025-03-09,West,Backpack,Accessories,5,39.99,199.95,145.44,54.51
1179,2025-03-09,North,Desk Lamp,Furniture,5,34.99,174.95,125.01,49.94
1703,2025-03-09,North,Wireless Mouse,Electronics,6,15.99,95.94,70.66,25.28
1809,2025-03-09,West,Water Bottle,Accessories,7,14.99,104.93,70.56,34.37
1908,2025-03-09,West,Mechanical Keyboard,Electronics,6,59.99,359.94,205.02,154.92
1185,2025-03-10,East,Fountain Pen,Stationery,4,12.49,49.96,34.95,15.01
1535,2025-03-10,North,Monitor Stand,Furniture,4,29.99,119.96,73.98,45.98
1716,2025-03-10,North,Wireless Mouse,Electronics,8,15.99,127.92,77.87,50.05
1224,2025-03-11,Central,Wireless Mouse,Electronics,2,15.99,31.98,18.83,13.15
1052,2025-03-13,Central,Fountain Pen,Stationery,4,12.49,49.96,35.73,14.23
1102,2025-03-13,West,Webcam HD,Electronics,1,45.99,45.99,32.9,13.09
1347,2025-03-13,East,Standing Desk,Furniture,5,299.99,1499.95,1083.7,416.25
1398,2025-03-13,Central,Desk Lamp,Furniture,7,34.99,244.93,175.97,68.96
1644,2025-03-13,West,Standing Desk,Furniture,2,299.99,599.98,348.22,251.76
1698,2025-03-13,West,Fountain Pen,Stationery,3,12.49,37.47,23.01,14.46
1813,2025-03-13,South,Desk Lamp,Furniture,1,34.99,34.99,26.08,8.91
1164,2025-03-14,North,Fountain Pen,Stationery,1,12.49,12.49,7.33,5.16
1196,2025-03-14,North,Wireless Mouse,Electronics,5,15.99,79.95,44.58,35.37
1264,2025-03-14,North,Monitor Stand,Furniture,1,29.99,29.99,17.32,12.67
1370,2025-03-14,North,Backpack,Accessories,8,39.99,319.92,198.15,121.77
1671,2025-03-14,Central,Mechanical Keyboard,Electronics,6,59.99,359.94,235.68,124.26
1006,2025-03-15,North,Webcam HD,Electronics,5,45.99,229.95,152.24,77.71
1328,2025-03-15,East,Monitor Stand,Furniture,8,29.99,239.92,139.85,100.07
1163,2025-03-16,North,Fountain Pen,Stationery,1,12.49,12.49,9.3,3.19
1392,2025-03-16,West,Notebook Set,Stationery,4,8.99,35.96,24.65,11.31
1547,2025-03-16,South,Standing Desk,Furniture,3,299.99,899.97,513.37,386.6
1913,2025-03-16,West,Fountain Pen,Stationery,6,12.49,74.94,52.31,22.63
1037,2025-03-17,East,Monitor Stand,Furniture,1,29.99,29.99,21.04,8.95
1431,2025-03-17,East,Water Bottle,Accessories,7,14.99,104.93,61.16,43.77
1566,2025-03-17,East,Water Bottle,Accessories,7,14.99,104.93,65.27,39.66
1402,2025-03-18,South,Standing Desk,Furniture,4,299.99,1199.96,697.34,502.62
1678,2025-03-18,West,Wireless Mouse,Electronics,6,15.99,95.94,62.15,33.79
1721,2025-03-18,North,Monitor Stand,Furniture,6,29.99,179.94,123.4,56.54
1031,2025-03-19,North,Webcam HD,Electronics,6,45.99,275.94,185.64,90.3
1180,2025-03-19,North,Backpack,Accessories,6,39.99,239.94,154.08,85.86
1353,2025-03-19,North,Water Bottle,Accessories,1,14.99,14.99,8.27,6.72
1660,2025-03-19,West,Fountain Pen,Stationery,7,12.49,87.43,62.14,25.29
1673,2025-03-20,East,Water Bottle,Accessories,1,14.99,14.99,9.21,5.78
1832,2025-03-20,West,Notebook Set,Stationery,8,8.99,71.92,46.55,25.37
1851,2025-03-20,North,Desk Lamp,Furniture,2,34.99,69.98,49.12,20.86
1200,2025-03-21,East,Water Bottle,Accessories,3,14.99,44.97,28.31,16.66
1537,2025-03-21,Central,Backpack,Accessories,7,39.99,279.93,200.5,79.43
1924,2025-03-21,West,Backpack,Accessories,8,39.99,319.92,206.35,113.57
1397,2025-03-22,North,Office Chair,Furniture,6,149.99,899.94,654.92,245.02
1389,2025-03-23,Central,Notebook Set,Stationery,4,8.99,35.96,21.02,14.94
1520,2025-03-24,North,Fountain Pen,Stationery,5,12.49,62.45,36.3,26.15
1070,2025-03-25,West,Water Bottle,Accessories,3,14.99,44.97,31.09,13.88
1206,2025-03-25,North,USB-C Hub,Electronics,3,24.99,74.97,50.84,24.13
1735,2025-03-25,North,Notebook Set,Stationery,2,8.99,17.98,11.08,6.9
1772,2025-03-25,East,Fountain Pen,Stationery,1,12.49,12.49,9.0,3.49
1166,2025-03-26,North,Notebook Set,Stationery,8,8.99,71.92,40.01,31.91
1311,2025-03-26,Central,USB-C Hub,Electronics,2,24.99,49.98,35.58,14.4
1559,2025-03-26,South,Fountain Pen,Stationery,8,12.49,99.92,71.03,28.89
1896,2025-03-26,West,Standing Desk,Furniture,1,299.99,299.99,178.43,121.56
1039,2025-03-27,West,Notebook Set,Stationery,6,8.99,53.94,36.53,17.41
1395,2025-03-28,North,Desk Lamp,Furniture,3,34.99,104.97,76.93,28.04
1605,2025-03-28,North,Backpack,Accessories,5,39.99,199.95,138.76,61.19
1208,2025-03-29,South,USB-C Hub,Electronics,3,24.99,74.97,49.05,25.92
1496,2025-03-29,South,Notebook Set,Stationery,1,8.99,8.99,6.69,2.3
1999,2025-03-29,West,USB-C Hub,Electronics,5,24.99,124.95,81.33,43.62
1782,2025-03-30,East,Monitor Stand,Furniture,5,29.99,149.95,101.29,48.66
1818,2025-03-30,West,Wireless Mouse,Electronics,5,15.99,79.95,50.75,29.2
1886,2025-03-30,Central,Desk Lamp,Furniture,2,34.99,69.98,50.54,19.44
1138,2025-03-31,East,Notebook Set,Stationery,6,8.99,53.94,32.25,21.69
1250,2025-03-31,South,Webcam HD,Electronics,5,45.99,229.95,155.26,74.69
1415,2025-03-31,North,Office Chair,Furniture,4,149.99,599.96,399.93,200.03
1932,2025-03-31,South,USB-C Hub,Electronics,7,24.99,174.93,125.91,49.02
1631,2025-04-01,Central,Monitor Stand,Furniture,3,29.99,89.97,58.99,30.98
1681,2025-04-02,West,Standing Desk,Furniture,5,299.99,1499.95,1100.04,399.91
1076,2025-04-03,West,Standing Desk,Furniture,7,299.99,2099.93,1511.78,588.15
1413,2025-04-03,West,Webcam HD,Electronics,3,45.99,137.97,81.31,56.66
1568,2025-04-03,East,Office Chair,Furniture,2,149.99,299.98,178.26,121.72
1891,2025-04-03,North,Wireless Mouse,Electronics,2,15.99,31.98,22.94,9.04
1936,2025-04-03,Central,Monitor Stand,Furniture,4,29.99,119.96,75.86,44.1
1425,2025-04-04,North,USB-C Hub,Electronics,5,24.99,124.95,82.6,42.35
1630,2025-04-04,Central,Standing Desk,Furniture,6,299.99,1799.94,1255.49,544.45
1748,2025-04-04,South,Wireless Mouse,Electronics,7,15.99,111.93,79.17,32.76
1306,2025-04-05,East,Fountain Pen,Stationery,2,12.49,24.98,17.38,7.6
1348,2025-04-05,North,Fountain Pen,Stationery,1,12.49,12.49,7.95,4.54
1769,2025-04-05,South,Fountain Pen,Stationery,3,12.49,37.47,23.32,14.15
1969,2025-04-05,Central,Office Chair,Furniture,5,149.99,749.95,432.16,317.79
1988,2025-04-05,West,Backpack,Accessories,8,39.99,319.92,201.11,118.81
1188,2025-04-06,North,Office Chair,Furniture,5,149.99,749.95,545.09,204.86
1356,2025-04-06,South,Wireless Mouse,Electronics,3,15.99,47.97,33.38,14.59
1803,2025-04-06,Central,Monitor Stand,Furniture,7,29.99,209.93,143.57,66.36
1857,2025-04-06,West,Webcam HD,Electronics,8,45.99,367.92,217.72,150.2
1565,2025-04-07,West,Office Chair,Furniture,8,149.99,1199.92,825.87,374.05
1193,2025-04-08,Central,Backpack,Accessories,4,39.99,159.96,117.74,42.22
1607,2025-04-08,Central,Backpack,Accessories,3,39.99,119.97,73.28,46.69
1699,2025-04-08,Central,Webcam HD,Electronics,3,45.99,137.97,103.17,34.8
1377,2025-04-09,North,Mechanical Keyboard,Electronics,5,59.99,299.95,186.74,113.21
1574,2025-04-09,East,Backpack,Accessories,2,39.99,79.98,46.18,33.8
1583,2025-04-09,South,Monitor Stand,Furniture,8,29.99,239.92,137.41,102.51
1836,2025-04-09,South,Monitor Stand,Furniture,7,29.99,209.93,147.98,61.95
1160,2025-04-10,East,Office Chair,Furniture,5,149.99,749.95,526.54,223.41
1897,2025-04-10,West,Office Chair,Furniture,6,149.99,899.94,538.32,361.62
1044,2025-04-11,North,Notebook Set,Stationery,1,8.99,8.99,5.81,3.18
1124,2025-04-11,North,Monitor Stand,Furniture,5,29.99,149.95,90.07,59.88
1826,2025-04-11,North,Standing Desk,Furniture,5,299.99,1499.95,1049.26,450.69
1303,2025-04-13,South,Webcam HD,Electronics,8,45.99,367.92,242.17,125.75
1612,2025-04-13,South,Backpack,Accessories,2,39.99,79.98,47.14,32.84
1693,2025-04-13,East,Fountain Pen,Stationery,5,12.49,62.45,41.27,21.18
1705,2025-04-13,Central,Desk Lamp,Furniture,1,34.99,34.99,24.35,10.64
1787,2025-04-13,West,Webcam HD,Electronics,1,45.99,45.99,26.79,19.2
1849,2025-04-13,North,Wireless Mouse,Electronics,1,15.99,15.99,10.08,5.91
1065,2025-04-14,North,Desk Lamp,Furniture,2,34.99,69.98,43.98,26.0
1416,2025-04-14,North,Wireless Mouse,Electronics,7,15.99,111.93,80.39,31.54
1989,2025-04-14,West,Monitor Stand,Furniture,4,29.99,119.96,87.94,32.02
1204,2025-04-15,South,Wireless Mouse,Electronics,3,15.99,47.97,30.45,17.52
1638,2025-04-15,West,Notebook Set,Stationery,5,8.99,44.95,27.41,17.54
1709,2025-04-15,North,Wireless Mouse,Electronics,2,15.99,31.98,17.9,14.08
1842,2025-04-15,South,Notebook Set,Stationery,2,8.99,17.98,10.24,7.74
1109,2025-04-16,West,Office Chair,Furniture,8,149.99,1199.92,778.5,421.42
1373,2025-04-16,East,Standing Desk,Furniture,1,299.99,299.99,212.49,87.5
1713,2025-04-16,North,Webcam HD,Electronics,2,45.99,91.98,54.3,37.68
1828,2025-04-16,North,Fountain Pen,Stationery,5,12.49,62.45,41.31,21.14
1184,2025-04-17,South,Mechanical Keyboard,Electronics,8,59.99,479.92,280.58,199.34
1323,2025-04-17,West,Fountain Pen,Stationery,3,12.49,37.47,25.18,12.29
1477,2025-04-17,Central,Webcam HD,Electronics,7,45.99,321.93,188.81,133.12
1817,2025-04-17,West,Standing Desk,Furniture,1,299.99,299.99,178.37,121.62
1941,2025-04-17,South,Webcam HD,Electronics,3,45.99,137.97,100.72,37.25
1622,2025-04-18,East,USB-C Hub,Electronics,2,24.99,49.98,31.07,18.91
1643,2025-04-18,South,Monitor Stand,Furniture,8,29.99,239.92,140.7,99.22
1723,2025-04-18,Central,Water Bottle,Accessories,2,14.99,29.98,18.23,11.75
1835,2025-04-18,South,Notebook Set,Stationery,1,8.99,8.99,6.63,2.36
1053,2025-04-19,South,Wireless Mouse,Electronics,5,15.99,79.95,51.99,27.96
1616,2025-04-19,South,Notebook Set,Stationery,1,8.99,8.99,6.11,2.88
1968,2025-04-19,West,Water Bottle,Accessories,8,14.99,119.92,80.7,39.22
1002,2025-04-20,North,Wireless Mouse,Electronics,7,15.99,111.93,63.13,48.8
1696,2025-04-21,East,Backpack,Accessories,4,39.99,159.96,110.73,49.23
1213,2025-04-22,South,Wireless Mouse,Electronics,3,15.99,47.97,30.06,17.91
1256,2025-04-22,Central,Mechanical Keyboard,Electronics,1,59.99,59.99,35.03,24.96
1555,2025-04-22,South,Monitor Stand,Furniture,1,29.99,29.99,21.54,8.45
1877,2025-04-22,West,Standing Desk,Furniture,1,299.99,299.99,207.85,92.14
1069,2025-04-23,Central,Monitor Stand,Furniture,7,29.99,209.93,152.62,57.31
1519,2025-04-23,West,Monitor Stand,Furniture,7,29.99,209.93,117.14,92.79
1707,2025-04-23,South,Desk Lamp,Furniture,4,34.99,139.96,99.44,40.52
1751,2025-04-23,South,Water Bottle,Accessories,2,14.99,29.98,22.47,7.51
1850,2025-04-23,North,Water Bottle,Accessories,7,14.99,104.93,63.23,41.7
1005,2025-04-24,East,Wireless Mouse,Electronics,3,15.99,47.97,29.16,18.81
1080,2025-04-24,South,Mechanical Keyboard,Electronics,2,59.99,119.98,76.88,43.1
1226,2025-04-24,West,Mechanical Keyboard,Electronics,5,59.99,299.95,174.5,125.45
1147,2025-04-25,North,USB-C Hub,Electronics,2,24.99,49.98,36.9,13.08
1152,2025-04-25,North,Backpack,Accessories,5,39.99,199.95,149.82,50.13
1162,2025-04-25,South,Desk Lamp,Furniture,1,34.99,34.99,25.88,9.11
1770,2025-04-25,Central,Notebook Set,Stationery,7,8.99,62.93,38.5,24.43
1811,2025-04-25,North,Standing Desk,Furniture,2,299.99,599.98,373.15,226.83
1893,2025-04-25,North,Wireless Mouse,Electronics,1,15.99,15.99,9.65,6.34
1888,2025-04-26,Central,Mechanical Keyboard,Electronics,6,59.99,359.94,246.25,113.69
1157,2025-04-27,North,Desk Lamp,Furniture,6,34.99,209.94,145.63,64.31
1522,2025-04-27,East,Backpack,Accessories,5,39.99,199.95,146.99,52.96
1570,2025-04-27,East,Webcam HD,Electronics,2,45.99,91.98,64.12,27.86
1727,2025-04-27,Central,Backpack,Accessories,1,39.99,39.99,26.63,13.36
1075,2025-04-28,North,Mechanical Keyboard,Electronics,5,59.99,299.95,167.35,132.6
1089,2025-04-28,North,Notebook Set,Stationery,3,8.99,26.97,17.02,9.95
1315,2025-04-28,West,Standing Desk,Furniture,5,299.99,1499.95,1119.83,380.12
1954,2025-04-28,South,USB-C Hub,Electronics,4,24.99,99.96,55.36,44.6
1278,2025-04-29,North,Desk Lamp,Furniture,2,34.99,69.98,45.35,24.63
1511,2025-04-29,North,Notebook Set,Stationery,2,8.99,17.98,10.13,7.85
1099,2025-04-30,East,Mechanical Keyboard,Electronics,3,59.99,179.97,122.65,57.32
1261,2025-04-30,Central,Backpack,Accessories,4,39.99,159.96,100.5,59.46
1322,2025-04-30,West,USB-C Hub,Electronics,6,24.99,149.94,106.0,43.94
1327,2025-04-30,East,USB-C Hub,Electronics,1,24.99,24.99,16.17,8.82
1368,2025-04-30,South,Desk Lamp,Furniture,1,34.99,34.99,21.49,13.5
1372,2025-04-30,East,Standing Desk,Furniture,7,299.99,2099.93,1350.39,749.54
1375,2025-04-30,East,Fountain Pen,Stationery,5,12.49,62.45,45.4,17.05
1388,2025-04-30,North,Water Bottle,Accessories,7,14.99,104.93,61.55,43.38
1717,2025-04-30,West,Backpack,Accessories,3,39.99,119.97,73.41,46.56
1912,2025-04-30,West,Desk Lamp,Furniture,3,34.99,104.97,71.4,33.57
1942,2025-04-30,West,Notebook Set,Stationery,6,8.99,53.94,33.77,20.17
1154,2025-05-01,North,Webcam HD,Electronics,7,45.99,321.93,222.43,99.5
1257,2025-05-01,North,Monitor Stand,Furniture,3,29.99,89.97,62.91,27.06
1603,2025-05-01,North,Notebook Set,Stationery,4,8.99,35.96,19.83,16.13
1247,2025-05-02,North,USB-C Hub,Electronics,2,24.99,49.98,27.61,22.37
1487,2025-05-02,South,Notebook Set,Stationery,1,8.99,8.99,5.42,3.57
1611,2025-05-02,North,Monitor Stand,Furniture,1,29.99,29.99,18.89,11.1
1740,2025-05-03,Central,Monitor Stand,Furniture,4,29.99,119.96,87.35,32.61
1860,2025-05-03,North,Mechanical Keyboard,Electronics,5,59.99,299.95,183.13,116.82
1906,2025-05-03,North,Webcam HD,Electronics,6,45.99,275.94,163.49,112.45
1434,2025-05-04,West,Notebook Set,Stationery,6,8.99,53.94,38.46,15.48
1567,2025-05-04,South,Backpack,Accessories,5,39.99,199.95,114.54,85.41
1662,2025-05-04,West,Office Chair,Furniture,2,149.99,299.98,215.57,84.41
1783,2025-05-04,West,Standing Desk,Furniture,1,299.99,299.99,190.24,109.75
1011,2025-05-05,East,Mechanical Keyboard,Electronics,8,59.99,479.92,347.96,131.96
1299,2025-05-05,West,Fountain Pen,Stationery,3,12.49,37.47,22.48,14.99
1190,2025-05-06,East,Webcam HD,Electronics,2,45.99,91.98,62.61,29.37
1738,2025-05-06,East,USB-C Hub,Electronics,1,24.99,24.99,16.28,8.71
1021,2025-05-07,South,Fountain Pen,Stationery,8,12.49,99.92,56.57,43.35
1064,2025-05-07,East,Monitor Stand,Furniture,5,29.99,149.95,110.15,39.8
1288,2025-05-07,South,Monitor Stand,Furniture,6,29.99,179.94,104.76,75.18
1367,2025-05-07,South,Fountain Pen,Stationery,7,12.49,87.43,58.61,28.82
1507,2025-05-07,East,Fountain Pen,Stationery,4,12.49,49.96,28.73,21.23
1143,2025-05-08,South,Fountain Pen,Stationery,8,12.49,99.92,63.59,36.33
1217,2025-05-08,South,Fountain Pen,Stationery,6,12.49,74.94,47.91,27.03
1702,2025-05-08,West,Fountain Pen,Stationery,5,12.49,62.45,38.16,24.29
1822,2025-05-09,East,Mechanical Keyboard,Electronics,3,59.99,179.97,114.51,65.46
1895,2025-05-09,South,Notebook Set,Stationery,2,8.99,17.98,13.03,4.95
1569,2025-05-10,North,Water Bottle,Accessories,5,14.99,74.95,51.85,23.1
1606,2025-05-10,East,Monitor Stand,Furniture,6,29.99,179.94,101.61,78.33
1759,2025-05-10,North,Office Chair,Furniture,8,149.99,1199.92,794.73,405.19
1775,2025-05-10,South,Water Bottle,Accessories,6,14.99,89.94,57.46,32.48
1929,2025-05-10,West,Backpack,Accessories,3,39.99,119.97,88.94,31.03
1091,2025-05-11,North,Fountain Pen,Stationery,2,12.49,24.98,17.06,7.92
1358,2025-05-11,West,Wireless Mouse,Electronics,1,15.99,15.99,8.99,7.0
1682,2025-05-11,South,Office Chair,Furniture,8,149.99,1199.92,681.87,518.05
1994,2025-05-11,North,Backpack,Accessories,1,39.99,39.99,29.61,10.38
1270,2025-05-12,North,Standing Desk,Furniture,6,299.99,1799.94,1317.68,482.26
1390,2025-05-12,North,Notebook Set,Stationery,1,8.99,8.99,6.45,2.54
1610,2025-05-12,North,Webcam HD,Electronics,3,45.99,137.97,93.17,44.8
1880,2025-05-12,North,Wireless Mouse,Electronics,4,15.99,63.96,43.38,20.58
1139,2025-05-13,North,Backpack,Accessories,1,39.99,39.99,27.99,12.0
1718,2025-05-13,East,Notebook Set,Stationery,4,8.99,35.96,20.87,15.09
1966,2025-05-13,South,Webcam HD,Electronics,6,45.99,275.94,191.75,84.19
1404,2025-05-14,North,Desk Lamp,Furniture,8,34.99,279.92,204.52,75.4
1083,2025-05-15,North,Wireless Mouse,Electronics,5,15.99,79.95,54.02,25.93
1094,2025-05-15,Central,Notebook Set,Stationery,6,8.99,53.94,32.3,21.64
1959,2025-05-15,West,USB-C Hub,Electronics,6,24.99,149.94,92.71,57.23
1231,2025-05-16,West,Mechanical Keyboard,Electronics,1,59.99,59.99,40.63,19.36
1743,2025-05-16,South,Wireless Mouse,Electronics,2,15.99,31.98,19.46,12.52
1958,2025-05-16,North,Mechanical Keyboard,Electronics,1,59.99,59.99,41.35,18.64
1287,2025-05-17,West,Standing Desk,Furniture,3,299.99,899.97,625.18,274.79
1640,2025-05-17,West,USB-C Hub,Electronics,5,24.99,124.95,70.93,54.02
1668,2025-05-17,West,Backpack,Accessories,6,39.99,239.94,135.42,104.52
1792,2025-05-17,North,Mechanical Keyboard,Electronics,8,59.99,479.92,312.07,167.85
1944,2025-05-17,North,Mechanical Keyboard,Electronics,3,59.99,179.97,130.82,49.15
1113,2025-05-18,North,Water Bottle,Accessories,4,14.99,59.96,41.08,18.88
1369,2025-05-18,North,Fountain Pen,Stationery,1,12.49,12.49,7.59,4.9
1659,2025-05-18,South,Fountain Pen,Stationery,7,12.49,87.43,54.78,32.65
1930,2025-05-18,South,Monitor Stand,Furniture,1,29.99,29.99,19.11,10.88
1201,2025-05-19,Central,Fountain Pen,Stationery,5,12.49,62.45,39.57,22.88
1403,2025-05-19,West,Backpack,Accessories,6,39.99,239.94,170.56,69.38
1767,2025-05-19,West,USB-C Hub,Electronics,8,24.99,199.92,126.25,73.67
1781,2025-05-19,North,USB-C Hub,Electronics,1,24.99,24.99,18.73,6.26
1338,2025-05-20,South,Webcam HD,Electronics,4,45.99,183.96,125.26,58.7
1655,2025-05-20,North,Monitor Stand,Furniture,5,29.99,149.95,90.54,59.41
1446,2025-05-21,West,Office Chair,Furniture,5,149.99,749.95,538.43,211.52
1700,2025-05-21,South,Webcam HD,Electronics,6,45.99,275.94,172.94,103.0
1795,2025-05-21,South,Fountain Pen,Stationery,7,12.49,87.43,57.34,30.09
1810,2025-05-21,North,Monitor Stand,Furniture,5,29.99,149.95,100.7,49.25
1153,2025-05-23,East,Notebook Set,Stationery,4,8.99,35.96,23.2,12.76
1230,2025-05-23,South,Water Bottle,Accessories,7,14.99,104.93,61.25,43.68
1794,2025-05-23,East,Webcam HD,Electronics,7,45.99,321.93,225.52,96.41
1889,2025-05-23,North,Backpack,Accessories,4,39.99,159.96,90.3,69.66
1980,2025-05-23,North,USB-C Hub,Electronics,3,24.99,74.97,42.18,32.79
1042,2025-05-24,South,Desk Lamp,Furniture,6,34.99,209.94,134.25,75.69
1383,2025-05-24,North,Fountain Pen,Stationery,8,12.49,99.92,70.29,29.63
1909,2025-05-24,West,Water Bottle,Accessories,2,14.99,29.98,17.21,12.77
1599,2025-05-25,Central,Office Chair,Furniture,3,149.99,449.97,308.8,141.17
1500,2025-05-26,North,Notebook Set,Stationery,1,8.99,8.99,5.45,3.54
1132,2025-05-27,North,Desk Lamp,Furniture,3,34.99,104.97,61.32,43.65
1275,2025-05-28,North,Wireless Mouse,Electronics,8,15.99,127.92,72.8,55.12
1796,2025-05-28,North,Water Bottle,Accessories,8,14.99,119.92,84.46,35.46
1804,2025-05-28,North,USB-C Hub,Electronics,2,24.99,49.98,36.73,13.25
1114,2025-05-29,East,Monitor Stand,Furniture,8,29.99,239.92,154.31,85.61
1497,2025-05-29,East,Fountain Pen,Stationery,2,12.49,24.98,15.41,9.57
1684,2025-05-29,West,Backpack,Accessories,1,39.99,39.99,27.73,12.26
1337,2025-05-30,West,Notebook Set,Stationery,7,8.99,62.93,38.81,24.12
1720,2025-05-30,West,Office Chair,Furniture,2,149.99,299.98,176.88,123.1
1409,2025-05-31,Central,USB-C Hub,Electronics,1,24.99,24.99,15.95,9.04
1074,2025-06-01,Central,Webcam HD,Electronics,2,45.99,91.98,68.71,23.27
1161,2025-06-01,Central,Mechanical Keyboard,Electronics,8,59.99,479.92,322.52,157.4
1776,2025-06-01,South,Notebook Set,Stationery,7,8.99,62.93,46.41,16.52
1861,2025-06-01,East,USB-C Hub,Electronics,6,24.99,149.94,105.52,44.42
1038,2025-06-02,Central,Water Bottle,Accessories,5,14.99,74.95,48.99,25.96
1291,2025-06-02,South,Fountain Pen,Stationery,2,12.49,24.98,16.93,8.05
1393,2025-06-02,East,Backpack,Accessories,2,39.99,79.98,51.52,28.46
1731,2025-06-02,West,Mechanical Keyboard,Electronics,8,59.99,479.92,273.14,206.78
1464,2025-06-03,East,USB-C Hub,Electronics,3,24.99,74.97,47.77,27.2
1996,2025-06-04,East,Notebook Set,Stationery,7,8.99,62.93,39.37,23.56
1150,2025-06-05,East,USB-C Hub,Electronics,7,24.99,174.93,120.65,54.28
1281,2025-06-05,South,Standing Desk,Furniture,3,299.99,899.97,563.26,336.71
1600,2025-06-05,West,Notebook Set,Stationery,4,8.99,35.96,22.3,13.66
1917,2025-06-05,South,Monitor Stand,Furniture,4,29.99,119.96,88.52,31.44
1972,2025-06-06,West,Wireless Mouse,Electronics,6,15.99,95.94,54.48,41.46
1155,2025-06-07,North,Wireless Mouse,Electronics,8,15.99,127.92,92.99,34.93
1018,2025-06-08,East,Water Bottle,Accessories,8,14.99,119.92,72.78,47.14
1095,2025-06-08,South,Office Chair,Furniture,1,149.99,149.99,92.55,57.44
1170,2025-06-08,North,Fountain Pen,Stationery,8,12.49,99.92,58.87,41.05
1449,2025-06-08,North,Wireless Mouse,Electronics,4,15.99,63.96,37.59,26.37
1548,2025-06-08,East,Monitor Stand,Furniture,7,29.99,209.93,123.21,86.72
1144,2025-06-09,North,Wireless Mouse,Electronics,7,15.99,111.93,77.44,34.49
1475,2025-06-09,North,Webcam HD,Electronics,5,45.99,229.95,158.2,71.75
1513,2025-06-09,North,Mechanical Keyboard,Electronics,3,59.99,179.97,128.38,51.59
1591,2025-06-09,East,USB-C Hub,Electronics,1,24.99,24.99,14.8,10.19
1873,2025-06-10,East,Fountain Pen,Stationery,6,12.49,74.94,42.18,32.76
1066,2025-06-11,West,Mechanical Keyboard,Electronics,7,59.99,419.93,237.1,182.83
1979,2025-06-11,North,Backpack,Accessories,8,39.99,319.92,181.58,138.34
1620,2025-06-12,West,Backpack,Accessories,6,39.99,239.94,134.66,105.28
1771,2025-06-13,West,Webcam HD,Electronics,4,45.99,183.96,132.7,51.26
1317,2025-06-14,East,Desk Lamp,Furniture,2,34.99,69.98,47.72,22.26
1422,2025-06-14,Central,Monitor Stand,Furniture,1,29.99,29.99,18.24,11.75
1922,2025-06-14,South,Wireless Mouse,Electronics,6,15.99,95.94,60.69,35.25
1000,2025-06-15,South,USB-C Hub,Electronics,1,24.99,24.99,14.11,10.88
1452,2025-06-16,South,Desk Lamp,Furniture,4,34.99,139.96,85.25,54.71
1940,2025-06-16,Central,Office Chair,Furniture,2,149.99,299.98,222.46,77.52
1258,2025-06-17,Central,Office Chair,Furniture,6,149.99,899.94,603.18,296.76
1289,2025-06-17,South,Office Chair,Furniture,2,149.99,299.98,174.86,125.12
1995,2025-06-17,West,Office Chair,Furniture,5,149.99,749.95,554.9,195.05
1730,2025-06-18,South,Monitor Stand,Furniture,2,29.99,59.98,42.44,17.54
1765,2025-06-21,North,Webcam HD,Electronics,6,45.99,275.94,173.5,102.44
1956,2025-06-21,East,Mechanical Keyboard,Electronics,6,59.99,359.94,218.97,140.97
1746,2025-06-22,North,Mechanical Keyboard,Electronics,3,59.99,179.97,128.31,51.66
1081,2025-06-23,South,Webcam HD,Electronics,5,45.99,229.95,155.06,74.89
1141,2025-06-23,East,Wireless Mouse,Electronics,6,15.99,95.94,55.18,40.76
1175,2025-06-23,South,Notebook Set,Stationery,1,8.99,8.99,5.42,3.57
1802,2025-06-24,South,Fountain Pen,Stationery,6,12.49,74.94,46.46,28.48
1816,2025-06-24,East,Notebook Set,Stationery,4,8.99,35.96,21.34,14.62
1982,2025-06-24,East,Fountain Pen,Stationery,3,12.49,37.47,23.56,13.91
1336,2025-06-25,South,Fountain Pen,Stationery,1,12.49,12.49,8.93,3.56
1747,2025-06-25,West,Mechanical Keyboard,Electronics,8,59.99,479.92,320.77,159.15
1320,2025-06-26,East,Water Bottle,Accessories,1,14.99,14.99,8.87,6.12
1633,2025-06-26,East,Fountain Pen,Stationery,6,12.49,74.94,53.05,21.89
1033,2025-06-27,South,Backpack,Accessories,2,39.99,79.98,45.83,34.15
1090,2025-06-27,West,Wireless Mouse,Electronics,1,15.99,15.99,9.02,6.97
1443,2025-06-27,North,Water Bottle,Accessories,1,14.99,14.99,10.03,4.96
1532,2025-06-27,North,Fountain Pen,Stationery,5,12.49,62.45,36.06,26.39
1043,2025-06-28,North,Notebook Set,Stationery,2,8.99,17.98,10.7,7.28
1724,2025-06-28,West,Wireless Mouse,Electronics,8,15.99,127.92,93.11,34.81
1632,2025-06-29,North,Monitor Stand,Furniture,8,29.99,239.92,142.18,97.74
1436,2025-06-30,Central,Office Chair,Furniture,1,149.99,149.99,93.43,56.56
1451,2025-06-30,Central,USB-C Hub,Electronics,4,24.99,99.96,61.45,38.51
1462,2025-06-30,South,Standing Desk,Furniture,7,299.99,2099.93,1427.2,672.73
1581,2025-06-30,South,Mechanical Keyboard,Electronics,6,59.99,359.94,255.77,104.17
1608,2025-06-30,South,Desk Lamp,Furniture,7,34.99,244.93,170.04,74.89
1646,2025-06-30,West,Mechanical Keyboard,Electronics,8,59.99,479.92,329.49,150.43
1578,2025-07-01,South,USB-C Hub,Electronics,6,24.99,149.94,106.58,43.36
1593,2025-07-01,North,Notebook Set,Stationery,8,8.99,71.92,44.36,27.56
1549,2025-07-02,North,Notebook Set,Stationery,3,8.99,26.97,17.81,9.16
1596,2025-07-02,East,Backpack,Accessories,3,39.99,119.97,89.79,30.18
1871,2025-07-02,North,Notebook Set,Stationery,4,8.99,35.96,26.18,9.78
1232,2025-07-04,East,Desk Lamp,Furniture,2,34.99,69.98,42.02,27.96
1592,2025-07-04,East,Monitor Stand,Furniture,8,29.99,239.92,150.57,89.35
1798,2025-07-04,Central,Standing Desk,Furniture,2,299.99,599.98,435.06,164.92
1903,2025-07-04,East,Desk Lamp,Furniture,6,34.99,209.94,138.76,71.18
1158,2025-07-05,South,Water Bottle,Accessories,1,14.99,14.99,10.63,4.36
1318,2025-07-05,Central,USB-C Hub,Electronics,7,24.99,174.93,98.21,76.72
1512,2025-07-05,West,Webcam HD,Electronics,4,45.99,183.96,103.6,80.36
1623,2025-07-05,South,Fountain Pen,Stationery,3,12.49,37.47,25.53,11.94
1626,2025-07-05,East,Webcam HD,Electronics,5,45.99,229.95,132.54,97.41
1657,2025-07-05,North,Standing Desk,Furniture,1,299.99,299.99,204.18,95.81
1674,2025-07-05,North,Fountain Pen,Stationery,3,12.49,37.47,25.87,11.6
1238,2025-07-06,North,Wireless Mouse,Electronics,4,15.99,63.96,43.01,20.95
1407,2025-07-06,Central,Fountain Pen,Stationery,4,12.49,49.96,36.72,13.24
1068,2025-07-07,South,USB-C Hub,Electronics,3,24.99,74.97,55.74,19.23
1221,2025-07-07,West,Mechanical Keyboard,Electronics,1,59.99,59.99,33.48,26.51
1335,2025-07-07,East,Notebook Set,Stationery,4,8.99,35.96,21.82,14.14
1739,2025-07-07,South,Office Chair,Furniture,4,149.99,599.96,448.53,151.43
1234,2025-07-08,North,Backpack,Accessories,6,39.99,239.94,168.66,71.28
1914,2025-07-08,Central,Water Bottle,Accessories,3,14.99,44.97,31.03,13.94
1550,2025-07-09,North,Standing Desk,Furniture,1,299.99,299.99,171.43,128.56
1187,2025-07-10,West,Standing Desk,Furniture,4,299.99,1199.96,765.43,434.53
1194,2025-07-10,Central,Webcam HD,Electronics,8,45.99,367.92,246.73,121.19
1394,2025-07-10,South,Standing Desk,Furniture,6,299.99,1799.94,1163.23,636.71
1192,2025-07-11,Central,Wireless Mouse,Electronics,4,15.99,63.96,36.7,27.26
1675,2025-07-12,South,Mechanical Keyboard,Electronics,5,59.99,299.95,192.14,107.81
1685,2025-07-12,North,Notebook Set,Stationery,5,8.99,44.95,33.44,11.51
1905,2025-07-12,North,Mechanical Keyboard,Electronics,7,59.99,419.93,275.04,144.89
1385,2025-07-13,North,Mechanical Keyboard,Electronics,1,59.99,59.99,39.68,20.31
1465,2025-07-13,North,Backpack,Accessories,6,39.99,239.94,147.51,92.43
1667,2025-07-13,West,Notebook Set,Stationery,7,8.99,62.93,46.89,16.04
1899,2025-07-13,North,Notebook Set,Stationery,1,8.99,8.99,5.79,3.2
1024,2025-07-14,North,Office Chair,Furniture,3,149.99,449.97,261.1,188.87
1259,2025-07-14,Central,Water Bottle,Accessories,8,14.99,119.92,77.28,42.64
1092,2025-07-15,West,Webcam HD,Electronics,5,45.99,229.95,154.01,75.94
1110,2025-07-15,East,Mechanical Keyboard,Electronics,5,59.99,299.95,210.98,88.97
1868,2025-07-15,North,Mechanical Keyboard,Electronics,3,59.99,179.97,134.29,45.68
1789,2025-07-16,Central,Notebook Set,Stationery,3,8.99,26.97,16.3,10.67
1837,2025-07-16,West,USB-C Hub,Electronics,7,24.99,174.93,100.89,74.04
1019,2025-07-17,South,Water Bottle,Accessories,8,14.99,119.92,74.48,45.44
1489,2025-07-17,North,Wireless Mouse,Electronics,7,15.99,111.93,74.6,37.33
1498,2025-07-17,South,Notebook Set,Stationery,2,8.99,17.98,13.35,4.63
1509,2025-07-17,West,Wireless Mouse,Electronics,3,15.99,47.97,29.37,18.6
1687,2025-07-17,North,Backpack,Accessories,4,39.99,159.96,119.26,40.7
1046,2025-07-18,West,Monitor Stand,Furniture,8,29.99,239.92,174.61,65.31
1117,2025-07-18,Central,Office Chair,Furniture,4,149.99,599.96,338.93,261.03
1694,2025-07-18,North,Desk Lamp,Furniture,4,34.99,139.96,100.71,39.25
1510,2025-07-19,North,Monitor Stand,Furniture,3,29.99,89.97,63.45,26.52
1135,2025-07-21,North,Mechanical Keyboard,Electronics,3,59.99,179.97,101.69,78.28
1280,2025-07-22,North,Monitor Stand,Furniture,1,29.99,29.99,18.73,11.26
1761,2025-07-22,West,Water Bottle,Accessories,6,14.99,89.94,64.32,25.62
1207,2025-07-23,East,Mechanical Keyboard,Electronics,6,59.99,359.94,251.04,108.9
1514,2025-07-24,South,Standing Desk,Furniture,8,299.99,2399.92,1691.94,707.98
1820,2025-07-24,East,Fountain Pen,Stationery,7,12.49,87.43,52.04,35.39
1029,2025-07-25,North,Wireless Mouse,Electronics,4,15.99,63.96,40.81,23.15
1554,2025-07-25,Central,Mechanical Keyboard,Electronics,8,59.99,479.92,309.97,169.95
1918,2025-07-25,West,Wireless Mouse,Electronics,1,15.99,15.99,9.95,6.04
1806,2025-07-26,East,Office Chair,Furniture,5,149.99,749.95,530.25,219.7
1824,2025-07-26,South,USB-C Hub,Electronics,4,24.99,99.96,56.51,43.45
1173,2025-07-27,South,Wireless Mouse,Electronics,8,15.99,127.92,71.96,55.96
1341,2025-07-27,East,Webcam HD,Electronics,7,45.99,321.93,196.4,125.53
1504,2025-07-27,East,Fountain Pen,Stationery,4,12.49,49.96,30.45,19.51
1617,2025-07-27,West,Backpack,Accessories,6,39.99,239.94,140.34,99.6
1762,2025-07-27,North,Mechanical Keyboard,Electronics,6,59.99,359.94,245.72,114.22
1784,2025-07-28,North,Water Bottle,Accessories,7,14.99,104.93,68.06,36.87
1412,2025-07-29,South,Office Chair,Furniture,3,149.99,449.97,259.91,190.06
1636,2025-07-29,Central,Fountain Pen,Stationery,4,12.49,49.96,27.78,22.18
1793,2025-07-29,North,Water Bottle,Accessories,6,14.99,89.94,50.26,39.68
1131,2025-07-30,East,Desk Lamp,Furniture,3,34.99,104.97,71.26,33.71
1305,2025-07-30,Central,Monitor Stand,Furniture,4,29.99,119.96,89.74,30.22
1459,2025-07-30,East,Webcam HD,Electronics,8,45.99,367.92,231.61,136.31
1483,2025-07-30,North,Backpack,Accessories,3,39.99,119.97,78.42,41.55
1140,2025-07-31,South,Fountain Pen,Stationery,4,12.49,49.96,31.24,18.72
1272,2025-07-31,South,Wireless Mouse,Electronics,2,15.99,31.98,19.81,12.17
1352,2025-07-31,North,Webcam HD,Electronics,8,45.99,367.92,217.98,149.94
1870,2025-07-31,North,Webcam HD,Electronics,4,45.99,183.96,121.19,62.77
1952,2025-07-31,East,Monitor Stand,Furniture,1,29.99,29.99,16.91,13.08
1133,2025-08-01,South,Notebook Set,Stationery,5,8.99,44.95,31.37,13.58
1334,2025-08-01,North,Water Bottle,Accessories,2,14.99,29.98,21.66,8.32
1618,2025-08-01,North,Wireless Mouse,Electronics,6,15.99,95.94,67.66,28.28
1122,2025-08-02,South,Notebook Set,Stationery,2,8.99,17.98,12.91,5.07
1363,2025-08-02,South,Desk Lamp,Furniture,8,34.99,279.92,206.86,73.06
1013,2025-08-03,West,USB-C Hub,Electronics,3,24.99,74.97,55.23,19.74
1026,2025-08-03,South,Webcam HD,Electronics,6,45.99,275.94,204.37,71.57
1014,2025-08-04,Central,Wireless Mouse,Electronics,2,15.99,31.98,22.48,9.5
1300,2025-08-05,East,Desk Lamp,Furniture,7,34.99,244.93,160.1,84.83
1499,2025-08-05,East,Notebook Set,Stationery,7,8.99,62.93,37.02,25.91
1928,2025-08-05,North,USB-C Hub,Electronics,8,24.99,199.92,141.54,58.38
1183,2025-08-07,Central,Mechanical Keyboard,Electronics,5,59.99,299.95,202.44,97.51
1598,2025-08-07,East,Water Bottle,Accessories,2,14.99,29.98,18.67,11.31
1763,2025-08-07,North,Standing Desk,Furniture,8,299.99,2399.92,1609.78,790.14
1902,2025-08-07,North,Desk Lamp,Furniture,4,34.99,139.96,78.88,61.08
1126,2025-08-08,Central,Standing Desk,Furniture,5,299.99,1499.95,855.48,644.47
1129,2025-08-08,West,Wireless Mouse,Electronics,7,15.99,111.93,82.01,29.92
1686,2025-08-09,East,Water Bottle,Accessories,5,14.99,74.95,46.5,28.45
1866,2025-08-09,North,Wireless Mouse,Electronics,5,15.99,79.95,51.04,28.91
1878,2025-08-09,North,Monitor Stand,Furniture,3,29.99,89.97,60.47,29.5
1047,2025-08-11,South,Water Bottle,Accessories,7,14.99,104.93,67.43,37.5
1442,2025-08-11,Central,Office Chair,Furniture,5,149.99,749.95,429.43,320.52
1691,2025-08-12,Central,Fountain Pen,Stationery,3,12.49,37.47,27.28,10.19
1218,2025-08-13,North,USB-C Hub,Electronics,8,24.99,199.92,128.56,71.36
1285,2025-08-13,West,Monitor Stand,Furniture,4,29.99,119.96,69.0,50.96
1326,2025-08-13,Central,Water Bottle,Accessories,2,14.99,29.98,18.07,11.91
1073,2025-08-14,North,Monitor Stand,Furniture,6,29.99,179.94,117.59,62.35
1572,2025-08-14,Central,USB-C Hub,Electronics,2,24.99,49.98,33.75,16.23
1692,2025-08-14,East,Fountain Pen,Stationery,1,12.49,12.49,8.54,3.95
1235,2025-08-15,North,Office Chair,Furniture,1,149.99,149.99,91.39,58.6
1528,2025-08-15,West,Notebook Set,Stationery,8,8.99,71.92,46.87,25.05
1664,2025-08-15,West,Webcam HD,Electronics,8,45.99,367.92,273.85,94.07
1715,2025-08-15,South,Water Bottle,Accessories,1,14.99,14.99,11.01,3.98
1219,2025-08-17,West,Backpack,Accessories,8,39.99,319.92,229.48,90.44
1421,2025-08-17,North,Webcam HD,Electronics,6,45.99,275.94,191.2,84.74
1689,2025-08-17,South,Fountain Pen,Stationery,7,12.49,87.43,56.77,30.66
1012,2025-08-18,East,Standing Desk,Furniture,2,299.99,599.98,344.16,255.82
1022,2025-08-18,East,Fountain Pen,Stationery,3,12.49,37.47,26.75,10.72
1779,2025-08-18,West,Standing Desk,Furniture,3,299.99,899.97,626.17,273.8
1137,2025-08-19,North,Fountain Pen,Stationery,4,12.49,49.96,29.92,20.04
1165,2025-08-19,Central,Monitor Stand,Furniture,2,29.99,59.98,44.96,15.02
1284,2025-08-19,East,Water Bottle,Accessories,6,14.99,89.94,52.52,37.42
1677,2025-08-19,East,Water Bottle,Accessories,3,14.99,44.97,31.56,13.41
1063,2025-08-20,East,Webcam HD,Electronics,8,45.99,367.92,239.72,128.2
1105,2025-08-20,North,Webcam HD,Electronics,1,45.99,45.99,31.05,14.94
1010,2025-08-21,South,Notebook Set,Stationery,3,8.99,26.97,18.6,8.37
1298,2025-08-21,South,Fountain Pen,Stationery,2,12.49,24.98,18.21,6.77
1439,2025-08-21,North,Water Bottle,Accessories,1,14.99,14.99,8.35,6.64
1492,2025-08-22,South,Standing Desk,Furniture,5,299.99,1499.95,1112.97,386.98
1345,2025-08-23,West,Water Bottle,Accessories,2,14.99,29.98,20.47,9.51
1780,2025-08-23,Central,Wireless Mouse,Electronics,8,15.99,127.92,73.86,54.06
1374,2025-08-24,North,Webcam HD,Electronics,6,45.99,275.94,194.38,81.56
1448,2025-08-24,South,Webcam HD,Electronics,8,45.99,367.92,236.86,131.06
1561,2025-08-24,Central,Fountain Pen,Stationery,3,12.49,37.47,27.91,9.56
1887,2025-08-24,South,Notebook Set,Stationery,4,8.99,35.96,20.0,15.96
1286,2025-08-25,Central,Water Bottle,Accessories,4,14.99,59.96,39.07,20.89
1517,2025-08-25,Central,Office Chair,Furniture,7,149.99,1049.93,651.4,398.53
1841,2025-08-25,West,Desk Lamp,Furniture,4,34.99,139.96,77.18,62.78
1178,2025-08-27,West,Fountain Pen,Stationery,7,12.49,87.43,62.33,25.1
1252,2025-08-27,West,Mechanical Keyboard,Electronics,8,59.99,479.92,280.79,199.13
1766,2025-08-27,North,Backpack,Accessories,6,39.99,239.94,136.19,103.75
1503,2025-08-28,North,Office Chair,Furniture,6,149.99,899.94,533.93,366.01
1542,2025-08-28,North,Desk Lamp,Furniture,6,34.99,209.94,156.62,53.32
1815,2025-08-28,East,Mechanical Keyboard,Electronics,5,59.99,299.95,202.73,97.22
1921,2025-08-29,South,Office Chair,Furniture,8,149.99,1199.92,724.99,474.93
1355,2025-08-30,South,Wireless Mouse,Electronics,4,15.99,63.96,40.94,23.02
1846,2025-08-30,North,Backpack,Accessories,8,39.99,319.92,214.29,105.63
1898,2025-08-30,Central,Standing Desk,Furniture,1,299.99,299.99,170.97,129.02
1962,2025-08-30,North,Mechanical Keyboard,Electronics,3,59.99,179.97,105.87,74.1
1964,2025-08-30,South,Backpack,Accessories,1,39.99,39.99,23.54,16.45
1017,2025-08-31,West,Monitor Stand,Furniture,1,29.99,29.99,20.88,9.11
1108,2025-08-31,West,Standing Desk,Furniture,5,299.99,1499.95,895.41,604.54
1145,2025-08-31,East,Backpack,Accessories,2,39.99,79.98,50.25,29.73
1172,2025-08-31,East,Wireless Mouse,Electronics,4,15.99,63.96,45.56,18.4
1220,2025-08-31,North,Fountain Pen,Stationery,3,12.49,37.47,23.3,14.17
1670,2025-08-31,South,Monitor Stand,Furniture,8,29.99,239.92,159.34,80.58
1304,2025-09-01,North,Webcam HD,Electronics,6,45.99,275.94,180.56,95.38
1505,2025-09-01,North,Webcam HD,Electronics,8,45.99,367.92,252.05,115.87
1790,2025-09-01,East,Office Chair,Furniture,8,149.99,1199.92,756.69,443.23
1910,2025-09-01,South,Desk Lamp,Furniture,1,34.99,34.99,23.64,11.35
1251,2025-09-02,East,Monitor Stand,Furniture,7,29.99,209.93,150.92,59.01
1978,2025-09-02,South,Monitor Stand,Furniture,6,29.99,179.94,118.22,61.72
1228,2025-09-03,East,Office Chair,Furniture,4,149.99,599.96,368.26,231.7
1752,2025-09-03,East,Wireless Mouse,Electronics,6,15.99,95.94,70.19,25.75
1957,2025-09-03,South,Standing Desk,Furniture,2,299.99,599.98,361.67,238.31
1947,2025-09-04,North,Monitor Stand,Furniture,3,29.99,89.97,56.57,33.4
1333,2025-09-05,West,Desk Lamp,Furniture,3,34.99,104.97,58.45,46.52
1588,2025-09-05,West,Wireless Mouse,Electronics,1,15.99,15.99,9.03,6.96
1697,2025-09-05,East,Wireless Mouse,Electronics,7,15.99,111.93,80.45,31.48
1919,2025-09-05,North,Office Chair,Furniture,6,149.99,899.94,587.06,312.88
1495,2025-09-06,West,Wireless Mouse,Electronics,4,15.99,63.96,36.3,27.66
1034,2025-09-07,East,Desk Lamp,Furniture,5,34.99,174.95,99.23,75.72
1473,2025-09-07,South,Fountain Pen,Stationery,6,12.49,74.94,51.58,23.36
1900,2025-09-07,North,Mechanical Keyboard,Electronics,8,59.99,479.92,272.95,206.97
1302,2025-09-08,North,Mechanical Keyboard,Electronics,4,59.99,239.96,139.7,100.26
1544,2025-09-08,West,Office Chair,Furniture,6,149.99,899.94,496.46,403.48
1121,2025-09-09,East,Water Bottle,Accessories,5,14.99,74.95,52.12,22.83
1225,2025-09-09,Central,Standing Desk,Furniture,3,299.99,899.97,618.48,281.49
1920,2025-09-09,Central,Water Bottle,Accessories,4,14.99,59.96,35.29,24.67
1960,2025-09-09,North,USB-C Hub,Electronics,1,24.99,24.99,17.5,7.49
1990,2025-09-09,Central,Mechanical Keyboard,Electronics,6,59.99,359.94,255.71,104.23
1379,2025-09-10,Central,Notebook Set,Stationery,6,8.99,53.94,36.49,17.45
1429,2025-09-10,East,Backpack,Accessories,5,39.99,199.95,114.37,85.58
1755,2025-09-10,West,Water Bottle,Accessories,8,14.99,119.92,69.19,50.73
1760,2025-09-10,Central,Backpack,Accessories,1,39.99,39.99,25.13,14.86
1493,2025-09-11,North,Mechanical Keyboard,Electronics,7,59.99,419.93,287.64,132.29
1786,2025-09-11,West,Wireless Mouse,Electronics,6,15.99,95.94,69.92,26.02
1943,2025-09-11,North,Notebook Set,Stationery,4,8.99,35.96,24.38,11.58
1552,2025-09-13,North,Monitor Stand,Furniture,5,29.99,149.95,100.55,49.4
1639,2025-09-13,Central,Office Chair,Furniture,3,149.99,449.97,290.44,159.53
1136,2025-09-14,East,Desk Lamp,Furniture,8,34.99,279.92,204.69,75.23
1294,2025-09-14,South,Water Bottle,Accessories,1,14.99,14.99,8.67,6.32
1107,2025-09-15,North,Webcam HD,Electronics,2,45.99,91.98,64.31,27.67
1142,2025-09-15,East,Webcam HD,Electronics,4,45.99,183.96,104.58,79.38
1159,2025-09-16,North,Mechanical Keyboard,Electronics,4,59.99,239.96,146.94,93.02
1649,2025-09-16,North,Backpack,Accessories,7,39.99,279.93,193.06,86.87
1410,2025-09-17,East,Notebook Set,Stationery,8,8.99,71.92,39.58,32.34
1476,2025-09-18,East,Fountain Pen,Stationery,5,12.49,62.45,44.54,17.91
1484,2025-09-18,North,Mechanical Keyboard,Electronics,2,59.99,119.98,70.08,49.9
1128,2025-09-19,North,Notebook Set,Stationery,6,8.99,53.94,38.14,15.8
1223,2025-09-19,North,Mechanical Keyboard,Electronics,7,59.99,419.93,285.78,134.15
1445,2025-09-19,Central,USB-C Hub,Electronics,7,24.99,174.93,116.41,58.52
1556,2025-09-19,North,Fountain Pen,Stationery,2,12.49,24.98,17.04,7.94
1853,2025-09-19,Central,Fountain Pen,Stationery,1,12.49,12.49,7.05,5.44
1071,2025-09-21,South,Fountain Pen,Stationery,4,12.49,49.96,31.04,18.92
1444,2025-09-21,North,Standing Desk,Furniture,3,299.99,899.97,574.18,325.79
1534,2025-09-21,South,Monitor Stand,Furniture,6,29.99,179.94,124.09,55.85
1557,2025-09-21,South,Monitor Stand,Furniture,6,29.99,179.94,101.22,78.72
1573,2025-09-21,East,Mechanical Keyboard,Electronics,7,59.99,419.93,276.68,143.25
1911,2025-09-21,East,Wireless Mouse,Electronics,1,15.99,15.99,10.51,5.48
1056,2025-09-22,West,Fountain Pen,Stationery,3,12.49,37.47,24.59,12.88
1236,2025-09-22,South,Standing Desk,Furniture,6,299.99,1799.94,1253.85,546.09
1469,2025-09-22,West,Monitor Stand,Furniture,7,29.99,209.93,134.95,74.98
1825,2025-09-22,South,Wireless Mouse,Electronics,4,15.99,63.96,45.29,18.67
1041,2025-09-23,South,Desk Lamp,Furniture,1,34.99,34.99,26.17,8.82
1249,2025-09-23,East,Backpack,Accessories,7,39.99,279.93,199.5,80.43
1381,2025-09-23,North,Backpack,Accessories,1,39.99,39.99,23.63,16.36
1457,2025-09-23,West,Mechanical Keyboard,Electronics,8,59.99,479.92,289.75,190.17
1876,2025-09-23,West,Monitor Stand,Furniture,2,29.99,59.98,40.76,19.22
1788,2025-09-24,West,USB-C Hub,Electronics,1,24.99,24.99,16.68,8.31
1975,2025-09-24,West,Notebook Set,Stationery,8,8.99,71.92,47.17,24.75
1240,2025-09-25,East,Notebook Set,Stationery,7,8.99,62.93,41.96,20.97
1376,2025-09-25,East,Notebook Set,Stationery,4,8.99,35.96,21.14,14.82
1485,2025-09-25,West,Desk Lamp,Furniture,7,34.99,244.93,174.22,70.71
1927,2025-09-25,East,USB-C Hub,Electronics,1,24.99,24.99,14.58,10.41
1057,2025-09-26,North,Webcam HD,Electronics,8,45.99,367.92,259.49,108.43
1580,2025-09-26,West,Notebook Set,Stationery,1,8.99,8.99,6.41,2.58
1937,2025-09-26,West,Standing Desk,Furniture,2,299.99,599.98,414.11,185.87
1310,2025-09-27,Central,Office Chair,Furniture,7,149.99,1049.93,674.5,375.43
1411,2025-09-27,North,Standing Desk,Furniture,7,299.99,2099.93,1171.99,927.94
1146,2025-09-28,Central,Desk Lamp,Furniture,4,34.99,139.96,98.9,41.06
1672,2025-09-28,West,USB-C Hub,Electronics,4,24.99,99.96,68.45,31.51
1084,2025-09-29,South,Office Chair,Furniture,3,149.99,449.97,271.83,178.14
1260,2025-09-29,North,Monitor Stand,Furniture,1,29.99,29.99,19.12,10.87
1437,2025-09-29,North,USB-C Hub,Electronics,7,24.99,174.93,103.24,71.69
1934,2025-09-29,West,Backpack,Accessories,6,39.99,239.94,175.1,64.84
1009,2025-09-30,West,Fountain Pen,Stationery,8,12.49,99.92,66.66,33.26
1840,2025-10-01,Central,Mechanical Keyboard,Electronics,6,59.99,359.94,242.93,117.01
1001,2025-10-02,South,Mechanical Keyboard,Electronics,1,59.99,59.99,43.91,16.08
1233,2025-10-02,Central,Water Bottle,Accessories,6,14.99,89.94,54.23,35.71
1468,2025-10-02,East,Standing Desk,Furniture,7,299.99,2099.93,1372.28,727.65
1615,2025-10-02,Central,Water Bottle,Accessories,6,14.99,89.94,66.07,23.87
1424,2025-10-03,North,USB-C Hub,Electronics,2,24.99,49.98,29.73,20.25
1768,2025-10-03,North,Office Chair,Furniture,1,149.99,149.99,93.76,56.23
1875,2025-10-03,Central,Office Chair,Furniture,7,149.99,1049.93,773.04,276.89
1726,2025-10-04,North,Mechanical Keyboard,Electronics,8,59.99,479.92,289.98,189.94
1171,2025-10-05,North,Desk Lamp,Furniture,6,34.99,209.94,146.43,63.51
1531,2025-10-06,North,Standing Desk,Furniture,1,299.99,299.99,175.08,124.91
1658,2025-10-06,East,Standing Desk,Furniture,7,299.99,2099.93,1567.54,532.39
1669,2025-10-06,North,Water Bottle,Accessories,5,14.99,74.95,45.15,29.8
1088,2025-10-07,Central,Fountain Pen,Stationery,5,12.49,62.45,42.94,19.51
1450,2025-10-07,Central,Fountain Pen,Stationery,7,12.49,87.43,48.29,39.14
1653,2025-10-07,Central,Webcam HD,Electronics,6,45.99,275.94,198.1,77.84
1314,2025-10-08,North,Water Bottle,Accessories,8,14.99,119.92,74.46,45.46
1925,2025-10-08,South,Monitor Stand,Furniture,5,29.99,149.95,89.68,60.27
1023,2025-10-09,West,Standing Desk,Furniture,6,299.99,1799.94,1235.74,564.2
1601,2025-10-09,South,Monitor Stand,Furniture,1,29.99,29.99,20.72,9.27
1086,2025-10-10,East,Office Chair,Furniture,4,149.99,599.96,442.13,157.83
1248,2025-10-10,Central,Water Bottle,Accessories,3,14.99,44.97,28.45,16.52
1732,2025-10-10,West,Mechanical Keyboard,Electronics,7,59.99,419.93,269.71,150.22
1130,2025-10-11,North,Webcam HD,Electronics,2,45.99,91.98,51.5,40.48
1482,2025-10-11,South,Backpack,Accessories,3,39.99,119.97,79.77,40.2
1585,2025-10-11,Central,Standing Desk,Furniture,7,299.99,2099.93,1506.16,593.77
1680,2025-10-12,North,Office Chair,Furniture,5,149.99,749.95,421.13,328.82
1935,2025-10-13,South,Office Chair,Furniture,5,149.99,749.95,498.01,251.94
1215,2025-10-15,North,Water Bottle,Accessories,6,14.99,89.94,51.58,38.36
1435,2025-10-15,South,Wireless Mouse,Electronics,3,15.99,47.97,35.57,12.4
1711,2025-10-15,West,Monitor Stand,Furniture,8,29.99,239.92,142.55,97.37
1378,2025-10-16,South,Notebook Set,Stationery,3,8.99,26.97,16.16,10.81
1543,2025-10-16,North,Standing Desk,Furniture,8,299.99,2399.92,1779.17,620.75
1319,2025-10-17,West,Notebook Set,Stationery,3,8.99,26.97,17.7,9.27
1382,2025-10-17,East,Desk Lamp,Furniture,4,34.99,139.96,84.3,55.66
1848,2025-10-17,West,Monitor Stand,Furniture,1,29.99,29.99,17.95,12.04
1364,2025-10-18,South,Notebook Set,Stationery,1,8.99,8.99,6.06,2.93
1998,2025-10-18,West,Office Chair,Furniture,1,149.99,149.99,112.21,37.78
1541,2025-10-19,South,Notebook Set,Stationery,2,8.99,17.98,10.05,7.93
1844,2025-10-19,West,Monitor Stand,Furniture,8,29.99,239.92,140.06,99.86
1460,2025-10-20,South,USB-C Hub,Electronics,5,24.99,124.95,90.53,34.42
1695,2025-10-20,North,Wireless Mouse,Electronics,2,15.99,31.98,23.01,8.97
1015,2025-10-21,South,Notebook Set,Stationery,6,8.99,53.94,36.08,17.86
1296,2025-10-21,West,Backpack,Accessories,7,39.99,279.93,201.33,78.6
1274,2025-10-22,North,Standing Desk,Furniture,1,299.99,299.99,196.41,103.58
1361,2025-10-22,South,Monitor Stand,Furniture,3,29.99,89.97,52.09,37.88
1420,2025-10-22,Central,Backpack,Accessories,6,39.99,239.94,156.91,83.03
1614,2025-10-22,West,Notebook Set,Stationery,1,8.99,8.99,5.28,3.71
1864,2025-10-22,North,Water Bottle,Accessories,2,14.99,29.98,21.96,8.02
1277,2025-10-23,South,USB-C Hub,Electronics,4,24.99,99.96,73.74,26.22
1946,2025-10-23,South,Webcam HD,Electronics,7,45.99,321.93,197.31,124.62
1016,2025-10-24,North,Desk Lamp,Furniture,2,34.99,69.98,51.71,18.27
1189,2025-10-24,South,Office Chair,Furniture,7,149.99,1049.93,630.31,419.62
1245,2025-10-24,East,Desk Lamp,Furniture,8,34.99,279.92,167.87,112.05
1965,2025-10-26,North,Office Chair,Furniture,8,149.99,1199.92,717.77,482.15
1103,2025-10-27,West,Monitor Stand,Furniture,4,29.99,119.96,68.02,51.94
1262,2025-10-27,East,Mechanical Keyboard,Electronics,3,59.99,179.97,104.19,75.78
1494,2025-10-27,South,Office Chair,Furniture,7,149.99,1049.93,761.26,288.67
1054,2025-10-28,South,Notebook Set,Stationery,7,8.99,62.93,45.11,17.82
1098,2025-10-28,South,Wireless Mouse,Electronics,5,15.99,79.95,48.84,31.11
1241,2025-10-29,North,USB-C Hub,Electronics,8,24.99,199.92,116.3,83.62
1571,2025-10-29,North,Backpack,Accessories,7,39.99,279.93,192.0,87.93
1586,2025-10-29,East,Standing Desk,Furniture,5,299.99,1499.95,1109.59,390.36
1951,2025-10-29,North,Wireless Mouse,Electronics,1,15.99,15.99,10.7,5.29
1049,2025-10-30,West,Desk Lamp,Furniture,3,34.99,104.97,70.57,34.4
1266,2025-10-30,North,Notebook Set,Stationery,2,8.99,17.98,13.05,4.93
1757,2025-10-30,South,USB-C Hub,Electronics,5,24.99,124.95,87.42,37.53
1814,2025-10-30,East,Webcam HD,Electronics,1,45.99,45.99,25.66,20.33
1666,2025-10-31,Central,Webcam HD,Electronics,4,45.99,183.96,131.53,52.43
1708,2025-10-31,East,Backpack,Accessories,8,39.99,319.92,189.0,130.92
1758,2025-10-31,West,Webcam HD,Electronics,2,45.99,91.98,51.84,40.14
1576,2025-11-01,East,Office Chair,Furniture,3,149.99,449.97,285.82,164.15
1745,2025-11-01,West,Webcam HD,Electronics,1,45.99,45.99,25.97,20.02
1050,2025-11-02,West,Desk Lamp,Furniture,7,34.99,244.93,161.57,83.36
1100,2025-11-02,West,Fountain Pen,Stationery,10,12.49,124.9,86.78,38.12
1181,2025-11-02,East,Mechanical Keyboard,Electronics,11,59.99,659.89,395.58,264.31
1216,2025-11-03,East,Desk Lamp,Furniture,7,34.99,244.93,149.81,95.12
1329,2025-11-03,North,Monitor Stand,Furniture,8,29.99,239.92,158.95,80.97
1427,2025-11-03,East,Water Bottle,Accessories,6,14.99,89.94,51.32,38.62
1619,2025-11-03,South,Fountain Pen,Stationery,13,12.49,162.37,90.14,72.23
1863,2025-11-03,East,Office Chair,Furniture,14,149.99,2099.86,1542.89,556.97
1360,2025-11-04,Central,USB-C Hub,Electronics,12,24.99,299.88,183.9,115.98
1271,2025-11-05,East,Webcam HD,Electronics,7,45.99,321.93,179.06,142.87
1433,2025-11-05,North,Webcam HD,Electronics,1,45.99,45.99,28.41,17.58
1624,2025-11-05,South,Backpack,Accessories,8,39.99,319.92,206.51,113.41
1753,2025-11-05,North,Water Bottle,Accessories,1,14.99,14.99,10.6,4.39
1283,2025-11-06,North,Water Bottle,Accessories,9,14.99,134.91,97.62,37.29
1295,2025-11-06,South,Monitor Stand,Furniture,6,29.99,179.94,114.44,65.5
1985,2025-11-06,North,Fountain Pen,Stationery,4,12.49,49.96,35.54,14.42
1461,2025-11-07,South,Mechanical Keyboard,Electronics,12,59.99,719.88,437.41,282.47
1058,2025-11-08,West,Wireless Mouse,Electronics,3,15.99,47.97,30.93,17.04
1384,2025-11-08,South,USB-C Hub,Electronics,1,24.99,24.99,18.72,6.27
1466,2025-11-08,Central,Office Chair,Furniture,7,149.99,1049.93,764.61,285.32
1562,2025-11-08,North,Backpack,Accessories,1,39.99,39.99,24.65,15.34
1020,2025-11-09,East,Mechanical Keyboard,Electronics,6,59.99,359.94,207.28,152.66
1332,2025-11-09,West,Wireless Mouse,Electronics,10,15.99,159.9,90.95,68.95
1447,2025-11-09,East,Monitor Stand,Furniture,9,29.99,269.91,186.8,83.11
1040,2025-11-10,West,Office Chair,Furniture,11,149.99,1649.89,982.26,667.63
1227,2025-11-11,Central,Standing Desk,Furniture,10,299.99,2999.9,1951.27,1048.63
1307,2025-11-11,East,Notebook Set,Stationery,6,8.99,53.94,33.98,19.96
1621,2025-11-11,West,Monitor Stand,Furniture,7,29.99,209.93,116.24,93.69
1856,2025-11-11,East,Standing Desk,Furniture,1,299.99,299.99,177.51,122.48
1879,2025-11-11,North,Water Bottle,Accessories,8,14.99,119.92,71.92,48.0
1111,2025-11-12,East,Water Bottle,Accessories,3,14.99,44.97,27.72,17.25
1527,2025-11-12,South,Office Chair,Furniture,2,149.99,299.98,221.96,78.02
1945,2025-11-12,East,Fountain Pen,Stationery,12,12.49,149.88,110.68,39.2
1992,2025-11-12,South,Notebook Set,Stationery,9,8.99,80.91,55.17,25.74
1575,2025-11-13,South,Wireless Mouse,Electronics,1,15.99,15.99,8.84,7.15
1881,2025-11-13,East,Water Bottle,Accessories,4,14.99,59.96,40.15,19.81
1198,2025-11-14,North,Standing Desk,Furniture,1,299.99,299.99,197.88,102.11
1212,2025-11-14,East,Fountain Pen,Stationery,6,12.49,74.94,43.96,30.98
1589,2025-11-14,West,Water Bottle,Accessories,11,14.99,164.89,122.6,42.29
1855,2025-11-14,East,Backpack,Accessories,3,39.99,119.97,81.85,38.12
1553,2025-11-17,North,Mechanical Keyboard,Electronics,5,59.99,299.95,191.56,108.39
1399,2025-11-18,East,Mechanical Keyboard,Electronics,8,59.99,479.92,286.4,193.52
1515,2025-11-18,Central,USB-C Hub,Electronics,3,24.99,74.97,51.42,23.55
1518,2025-11-18,North,Mechanical Keyboard,Electronics,2,59.99,119.98,80.6,39.38
1551,2025-11-18,South,Monitor Stand,Furniture,1,29.99,29.99,19.46,10.53
1628,2025-11-18,South,Office Chair,Furniture,3,149.99,449.97,303.7,146.27
1829,2025-11-18,East,USB-C Hub,Electronics,10,24.99,249.9,152.73,97.17
1004,2025-11-19,East,Water Bottle,Accessories,1,14.99,14.99,9.43,5.56
1282,2025-11-19,Central,Office Chair,Furniture,4,149.99,599.96,420.51,179.45
1458,2025-11-19,East,Monitor Stand,Furniture,4,29.99,119.96,68.46,51.5
1478,2025-11-19,East,Backpack,Accessories,9,39.99,359.91,243.39,116.52
1974,2025-11-19,East,Office Chair,Furniture,5,149.99,749.95,530.22,219.73
1177,2025-11-21,North,Mechanical Keyboard,Electronics,5,59.99,299.95,207.9,92.05
1268,2025-11-21,West,Mechanical Keyboard,Electronics,7,59.99,419.93,242.1,177.83
1312,2025-11-21,East,Office Chair,Furniture,6,149.99,899.94,521.29,378.65
1801,2025-11-21,West,Monitor Stand,Furniture,10,29.99,299.9,221.35,78.55
1325,2025-11-22,North,Standing Desk,Furniture,6,299.99,1799.94,1257.05,542.89
1340,2025-11-22,West,Mechanical Keyboard,Electronics,1,59.99,59.99,39.64,20.35
1661,2025-11-22,North,Wireless Mouse,Electronics,8,15.99,127.92,89.03,38.89
1683,2025-11-22,Central,Desk Lamp,Furniture,5,34.99,174.95,129.76,45.19
1243,2025-11-23,Central,USB-C Hub,Electronics,7,24.99,174.93,105.46,69.47
1418,2025-11-24,North,Desk Lamp,Furniture,12,34.99,419.88,270.96,148.92
1349,2025-11-25,Central,Backpack,Accessories,1,39.99,39.99,26.17,13.82
1440,2025-11-25,South,Backpack,Accessories,7,39.99,279.93,199.1,80.83
1101,2025-11-26,North,USB-C Hub,Electronics,11,24.99,274.89,195.84,79.05
1265,2025-11-26,North,Water Bottle,Accessories,3,14.99,44.97,25.32,19.65
1690,2025-11-26,North,Wireless Mouse,Electronics,14,15.99,223.86,154.51,69.35
1269,2025-11-27,South,Office Chair,Furniture,8,149.99,1199.92,664.98,534.94
1635,2025-11-27,West,Fountain Pen,Stationery,7,12.49,87.43,57.95,29.48
1736,2025-11-27,South,Desk Lamp,Furniture,6,34.99,209.94,152.38,57.56
1156,2025-11-28,North,Fountain Pen,Stationery,6,12.49,74.94,55.08,19.86
1564,2025-11-28,South,USB-C Hub,Electronics,9,24.99,224.91,152.21,72.7
1884,2025-11-28,West,Webcam HD,Electronics,8,45.99,367.92,235.47,132.45
1472,2025-11-29,Central,Webcam HD,Electronics,5,45.99,229.95,170.83,59.12
1950,2025-11-29,North,Standing Desk,Furniture,3,299.99,899.97,647.92,252.05
1112,2025-11-30,West,Monitor Stand,Furniture,3,29.99,89.97,50.58,39.39
1197,2025-11-30,West,Office Chair,Furniture,8,149.99,1199.92,749.18,450.74
1359,2025-11-30,West,Water Bottle,Accessories,2,14.99,29.98,18.36,11.62
1365,2025-11-30,West,Monitor Stand,Furniture,10,29.99,299.9,208.47,91.43
1845,2025-11-30,Central,Water Bottle,Accessories,6,14.99,89.94,57.91,32.03
1045,2025-12-01,West,Notebook Set,Stationery,3,8.99,26.97,15.48,11.49
1134,2025-12-01,South,Standing Desk,Furniture,5,299.99,1499.95,992.16,507.79
1869,2025-12-01,Central,Water Bottle,Accessories,8,14.99,119.92,71.95,47.97
1524,2025-12-02,Central,Standing Desk,Furniture,1,299.99,299.99,205.86,94.13
1290,2025-12-03,North,Mechanical Keyboard,Electronics,5,59.99,299.95,212.66,87.29
1343,2025-12-03,West,Wireless Mouse,Electronics,10,15.99,159.9,107.99,51.91
1704,2025-12-03,West,Desk Lamp,Furniture,4,34.99,139.96,99.41,40.55
1025,2025-12-04,North,Office Chair,Furniture,4,149.99,599.96,330.47,269.49
1563,2025-12-04,East,Standing Desk,Furniture,12,299.99,3599.88,2326.05,1273.83
1127,2025-12-05,East,Standing Desk,Furniture,4,299.99,1199.96,723.75,476.21
1301,2025-12-05,Central,USB-C Hub,Electronics,10,24.99,249.9,156.87,93.03
1679,2025-12-05,East,Office Chair,Furniture,10,149.99,1499.9,900.8,599.1
1516,2025-12-06,South,Monitor Stand,Furniture,8,29.99,239.92,165.73,74.19
1701,2025-12-06,East,Standing Desk,Furniture,11,299.99,3299.89,2017.45,1282.44
1933,2025-12-06,West,Water Bottle,Accessories,2,14.99,29.98,19.48,10.5
1167,2025-12-07,South,Monitor Stand,Furniture,10,29.99,299.9,191.48,108.42
1186,2025-12-07,West,Mechanical Keyboard,Electronics,6,59.99,359.94,238.78,121.16
1195,2025-12-07,North,Wireless Mouse,Electronics,7,15.99,111.93,69.82,42.11
1330,2025-12-07,West,Standing Desk,Furniture,8,299.99,2399.92,1799.92,600.0
1419,2025-12-07,North,Standing Desk,Furniture,7,299.99,2099.93,1449.9,650.03
1719,2025-12-07,South,Office Chair,Furniture,1,149.99,149.99,87.17,62.82
1297,2025-12-08,West,Monitor Stand,Furniture,6,29.99,179.94,122.05,57.89
1313,2025-12-08,West,Water Bottle,Accessories,10,14.99,149.9,91.27,58.63
1067,2025-12-09,West,Standing Desk,Furniture,5,299.99,1499.95,1018.0,481.95
1354,2025-12-09,Central,Mechanical Keyboard,Electronics,2,59.99,119.98,68.9,51.08
1406,2025-12-09,East,Office Chair,Furniture,6,149.99,899.94,630.83,269.11
1438,2025-12-09,North,Wireless Mouse,Electronics,12,15.99,191.88,135.34,56.54
1456,2025-12-09,North,Notebook Set,Stationery,6,8.99,53.94,38.84,15.1
1523,2025-12-10,East,Water Bottle,Accessories,1,14.99,14.99,10.53,4.46
1595,2025-12-10,South,USB-C Hub,Electronics,6,24.99,149.94,112.2,37.74
1602,2025-12-10,Central,Notebook Set,Stationery,12,8.99,107.88,78.63,29.25
1604,2025-12-10,South,Desk Lamp,Furniture,10,34.99,349.9,213.61,136.29
1984,2025-12-10,East,USB-C Hub,Electronics,2,24.99,49.98,35.67,14.31
1309,2025-12-12,East,Notebook Set,Stationery,2,8.99,17.98,12.56,5.42
1560,2025-12-12,East,Notebook Set,Stationery,10,8.99,89.9,55.27,34.63
1712,2025-12-12,South,Monitor Stand,Furniture,6,29.99,179.94,104.69,75.25
1077,2025-12-13,South,Standing Desk,Furniture,12,299.99,3599.88,2044.34,1555.54
1331,2025-12-13,North,Mechanical Keyboard,Electronics,9,59.99,539.91,300.03,239.88
1471,2025-12-13,East,Mechanical Keyboard,Electronics,2,59.99,119.98,78.01,41.97
1529,2025-12-13,North,Monitor Stand,Furniture,4,29.99,119.96,70.52,49.44
1774,2025-12-13,Central,Mechanical Keyboard,Electronics,8,59.99,479.92,336.26,143.66
1777,2025-12-13,Central,Wireless Mouse,Electronics,11,15.99,175.89,121.07,54.82
1316,2025-12-14,East,USB-C Hub,Electronics,7,24.99,174.93,119.11,55.82
1750,2025-12-14,North,USB-C Hub,Electronics,9,24.99,224.91,132.87,92.04
1807,2025-12-14,North,USB-C Hub,Electronics,6,24.99,149.94,109.41,40.53
1028,2025-12-15,South,Webcam HD,Electronics,10,45.99,459.9,297.24,162.66
1106,2025-12-15,East,Office Chair,Furniture,1,149.99,149.99,84.6,65.39
1579,2025-12-15,West,Wireless Mouse,Electronics,2,15.99,31.98,20.87,11.11
1791,2025-12-15,South,Standing Desk,Furniture,8,299.99,2399.92,1782.47,617.45
1971,2025-12-15,West,Monitor Stand,Furniture,7,29.99,209.93,137.42,72.51
1007,2025-12-16,North,USB-C Hub,Electronics,5,24.99,124.95,82.41,42.54
1642,2025-12-16,East,Backpack,Accessories,10,39.99,399.9,224.11,175.79
1823,2025-12-16,East,Monitor Stand,Furniture,5,29.99,149.95,88.17,61.78
1981,2025-12-17,North,Backpack,Accessories,3,39.99,119.97,81.83,38.14
1255,2025-12-18,Central,Webcam HD,Electronics,7,45.99,321.93,239.2,82.73
1533,2025-12-18,East,Monitor Stand,Furniture,10,29.99,299.9,179.44,120.46
1324,2025-12-19,Central,Backpack,Accessories,3,39.99,119.97,87.43,32.54
1027,2025-12-20,Central,Webcam HD,Electronics,1,45.99,45.99,33.31,12.68
1176,2025-12-20,Central,Notebook Set,Stationery,6,8.99,53.94,37.82,16.12
1480,2025-12-20,North,Webcam HD,Electronics,7,45.99,321.93,183.4,138.53
1036,2025-12-21,East,USB-C Hub,Electronics,7,24.99,174.93,114.69,60.24
1093,2025-12-21,North,Standing Desk,Furniture,3,299.99,899.97,575.23,324.74
1590,2025-12-21,South,Desk Lamp,Furniture,2,34.99,69.98,45.88,24.1
1961,2025-12-21,South,Fountain Pen,Stationery,1,12.49,12.49,8.86,3.63
1254,2025-12-22,West,Standing Desk,Furniture,7,299.99,2099.93,1440.23,659.7
1276,2025-12-22,Central,USB-C Hub,Electronics,10,24.99,249.9,163.19,86.71
1756,2025-12-22,Central,Standing Desk,Furniture,13,299.99,3899.87,2770.6,1129.27
1882,2025-12-22,South,Fountain Pen,Stationery,3,12.49,37.47,24.62,12.85
1279,2025-12-23,West,Webcam HD,Electronics,8,45.99,367.92,231.88,136.04
1344,2025-12-23,East,Monitor Stand,Furniture,2,29.99,59.98,40.99,18.99
1734,2025-12-23,South,USB-C Hub,Electronics,7,24.99,174.93,121.67,53.26
1148,2025-12-25,West,Water Bottle,Accessories,10,14.99,149.9,105.74,44.16
1812,2025-12-25,North,Webcam HD,Electronics,7,45.99,321.93,206.53,115.4
1530,2025-12-26,South,Webcam HD,Electronics,5,45.99,229.95,155.79,74.16
1540,2025-12-26,South,Standing Desk,Furniture,2,299.99,599.98,383.4,216.58
1742,2025-12-26,North,Backpack,Accessories,5,39.99,199.95,116.82,83.13
1120,2025-12-27,North,Notebook Set,Stationery,11,8.99,98.89,57.54,41.35
1273,2025-12-27,East,Wireless Mouse,Electronics,6,15.99,95.94,68.65,27.29
1949,2025-12-27,Central,Backpack,Accessories,5,39.99,199.95,143.98,55.97
1386,2025-12-28,East,Desk Lamp,Furniture,3,34.99,104.97,71.17,33.8
1506,2025-12-28,East,Standing Desk,Furniture,12,299.99,3599.88,2244.88,1355.0
1867,2025-12-28,South,USB-C Hub,Electronics,8,24.99,199.92,111.09,88.83
1858,2025-12-29,West,Water Bottle,Accessories,12,14.99,179.88,120.98,58.9
1923,2025-12-29,East,Wireless Mouse,Electronics,4,15.99,63.96,45.88,18.08
1963,2025-12-29,West,Desk Lamp,Furniture,6,34.99,209.94,150.1,59.84
1986,2025-12-29,South,Notebook Set,Stationery,5,8.99,44.95,29.68,15.27
1785,2025-12-30,West,Notebook Set,Stationery,6,8.99,53.94,38.66,15.28
1852,2025-12-30,North,Mechanical Keyboard,Electronics,4,59.99,239.96,147.49,92.47
1211,2025-12-31,West,Backpack,Accessories,4,39.99,159.96,115.38,44.58
1267,2025-12-31,North,Fountain Pen,Stationery,5,12.49,62.45,34.77,27.68
1688,2025-12-31,South,Backpack,Accessories,5,39.99,199.95,112.8,87.15
1800,2025-12-31,Central,Mechanical Keyboard,Electronics,4,59.99,239.96,178.4,61.56